,,a,u,c,n,h,o,s,l,q,r,k,e,z,v,t,x,d,f,w,y,i,b,j,g,m,p
a,a,27.2,2.2,0.2,5.2,3.2,0.2,3.2,4.2,0.2,2.2,1.2,0.2,0.2,0.2,3.2,1.2,5.2,3.2,4.2,4.2,2.2,1.2,0.2,0.2,4.2,1.2
a,u,0.2,0.2,0.2,4.2,6.2,0.2,25.2,3.2,0.2,6.2,2.2,0.2,0.2,0.2,13.2,0.2,5.2,0.2,0.2,0.2,0.2,0.2,0.2,4.2,1.2,1.2
a,c,19.2,4.2,9.2,0.2,19.2,17.2,0.2,2.2,0.2,1.2,42.2,28.2,0.2,0.2,16.2,0.2,1.2,0.2,0.2,1.2,8.2,1.2,0.2,1.2,2.2,1.2
a,n,47.2,6.2,32.2,25.2,11.2,23.2,25.2,5.2,1.2,6.2,34.2,28.2,0.2,3.2,66.2,2.2,151.2,8.2,10.2,33.2,28.2,10.2,3.2,23.2,3.2,3.2
a,h,26.2,7.2,1.2,1.2,6.2,11.2,0.2,0.2,1.2,1.2,0.2,9.2,1.2,1.2,58.2,1.2,2.2,0.2,0.2,0.2,4.2,0.2,0.2,1.2,0.2,1.2
a,o,0.2,0.2,1.2,1.2,0.2,1.2,11.2,1.2,0.2,4.2,1.2,0.2,0.2,0.2,0.2,0.2,0.2,2.2,0.2,0.2,2.2,0.2,0.2,0.2,1.2,1.2
a,s,19.2,5.2,5.2,3.2,24.2,30.2,24.2,2.2,7.2,1.2,14.2,98.2,0.2,1.2,52.2,0.2,2.2,1.2,6.2,3.2,11.2,7.2,0.2,4.2,7.2,11.2
a,l,26.2,8.2,8.2,1.2,12.2,26.2,20.2,93.2,1.2,14.2,22.2,39.2,0.2,3.2,12.2,4.2,7.2,3.2,18.2,8.2,29.2,3.2,3.2,1.2,12.2,3.2
a,q,3.2,7.2,0.2,0.2,0.2,0.2,0.2,0.2,0.2,0.2,0.2,0.2,0.2,0.2,0.2,0.2,0.2,0.2,0.2,0.2,0.2,0.2,0.2,0.2,0.2,0.2
a,r,27.2,6.2,24.2,13.2,6.2,20.2,32.2,7.2,2.2,27.2,13.2,62.2,1.2,2.2,67.2,1.2,17.2,1.2,3.2,7.2,38.2,4.2,0.2,3.2,8.2,7.2
a,k,4.2,5.2,0.2,2.2,2.2,4.2,2.2,1.2,0.2,4.2,0.2,44.2,0.2,0.2,1.2,0.2,0.2,1.2,1.2,0.2,6.2,1.2,0.2,0.2,0.2,0.2
a,e,0.2,1.2,1.2,2.2,1.2,0.2,0.2,8.2,0.2,2.2,1.2,0.2,0.2,0.2,0.2,1.2,1.2,1.2,0.2,0.2,0.2,1.2,1.2,0.2,1.2,0.2
a,z,5.2,3.2,0.2,0.2,0.2,4.2,1.2,0.2,0.2,0.2,1.2,1.2,3.2,0.2,0.2,0.2,0.2,0.2,0.2,9.2,7.2,1.2,0.2,2.2,0.2,0.2
a,v,19.2,0.2,0.2,0.2,0.2,5.2,0.2,0.2,0.2,0.2,0.2,52.2,0.2,1.2,0.2,0.2,0.2,0.2,1.2,1.2,9.2,0.2,0.2,0.2,0.2,0.2
a,t,40.2,8.2,17.2,4.2,28.2,9.2,38.2,4.2,0.2,14.2,1.2,48.2,3.2,1.2,35.2,0.2,7.2,6.2,13.2,6.2,52.2,4.2,4.2,3.2,9.2,8.2
a,x,1.2,0.2,0.2,0.2,1.2,0.2,0.2,1.2,0.2,1.2,0.2,0.2,0.2,0.2,1.2,3.2,0.2,0.2,0.2,0.2,1.2,1.2,0.2,0.2,0.2,0.2
a,d,19.2,0.2,4.2,5.2,0.2,12.2,4.2,4.2,0.2,5.2,0.2,40.2,0.2,2.2,8.2,0.2,7.2,1.2,2.2,16.2,18.2,1.2,3.2,1.2,4.2,1.2
a,f,5.2,1.2,0.2,0.2,0.2,8.2,1.2,2.2,0.2,6.2,0.2,3.2,0.2,0.2,8.2,1.2,1.2,1.2,0.2,0.2,3.2,3.2,1.2,0.2,0.2,0.2
a,w,11.2,0.2,1.2,1.2,5.2,7.2,1.2,0.2,0.2,0.2,2.2,15.2,3.2,0.2,3.2,0.2,0.2,0.2,5.2,0.2,4.2,0.2,0.2,1.2,1.2,1.2
a,y,22.2,1.2,2.2,9.2,7.2,6.2,45.2,6.2,0.2,0.2,0.2,7.2,1.2,1.2,20.2,1.2,1.2,7.2,11.2,4.2,24.2,8.2,7.2,6.2,10.2,11.2
a,i,29.2,0.2,3.2,95.2,3.2,0.2,8.2,18.2,0.2,7.2,0.2,0.2,3.2,0.2,19.2,1.2,6.2,2.2,0.2,0.2,2.2,2.2,1.2,7.2,6.2,0.2
a,b,8.2,1.2,4.2,0.2,1.2,17.2,4.2,11.2,0.2,15.2,0.2,27.2,1.2,0.2,2.2,0.2,0.2,0.2,0.2,11.2,18.2,1.2,0.2,0.2,2.2,0.2
a,j,30.2,1.2,1.2,0.2,0.2,6.2,0.2,1.2,1.2,0.2,1.2,0.2,0.2,0.2,0.2,0.2,0.2,0.2,0.2,0.2,1.2,0.2,0.2,0.2,0.2,0.2
a,g,26.2,6.2,0.2,1.2,2.2,18.2,0.2,4.2,0.2,6.2,0.2,16.2,0.2,0.2,0.2,0.2,1.2,0.2,0.2,0.2,13.2,0.2,1.2,0.2,1.2,1.2
a,m,32.2,3.2,5.2,2.2,5.2,13.2,11.2,3.2,0.2,3.2,2.2,43.2,0.2,2.2,4.2,0.2,2.2,2.2,3.2,1.2,30.2,4.2,0.2,2.2,4.2,31.2
a,p,16.2,4.2,1.2,0.2,12.2,4.2,1.2,8.2,0.2,14.2,0.2,6.2,0.2,1.2,4.2,0.2,3.2,0.2,0.2,1.2,1.2,0.2,0.2,1.2,2.2,49.2
u,a,0.2,0.2,0.2,6.2,1.2,0.2,1.2,16.2,0.2,21.2,1.2,0.2,0.2,0.2,2.2,0.2,0.2,0.2,2.2,1.2,0.2,0.2,0.2,2.2,0.2,0.2
u,u,0.2,13.2,1.2,2.2,0.2,0.2,0.2,1.2,0.2,2.2,0.2,0.2,0.2,0.2,1.2,1.2,0.2,0.2,0.2,1.2,1.2,0.2,0.2,0.2,0.2,1.2
u,c,17.2,1.2,2.2,0.2,22.2,5.2,0.2,1.2,0.2,1.2,29.2,1.2,0.2,0.2,3.2,0.2,0.2,0.2,0.2,0.2,1.2,0.2,0.2,0.2,2.2,0.2
u,n,3.2,0.2,4.2,16.2,2.2,6.2,4.2,1.2,0.2,2.2,3.2,9.2,0.2,2.2,25.2,0.2,20.2,5.2,0.2,7.2,11.2,0.2,0.2,6.2,0.2,0.2
u,h,6.2,2.2,0.2,0.2,1.2,2.2,1.2,4.2,0.2,0.2,0.2,4.2,0.2,0.2,6.2,0.2,0.2,0.2,2.2,0.2,0.2,0.2,0.2,0.2,0.2,0.2
u,o,0.2,2.2,0.2,2.2,1.2,0.2,0.2,0.2,0.2,2.2,1.2,0.2,0.2,0.2,0.2,0.2,0.2,0.2,0.2,1.2,0.2,0.2,0.2,0.2,1.2,0.2
u,s,15.2,2.2,1.2,1.2,9.2,18.2,7.2,6.2,0.2,1.2,1.2,32.2,0.2,0.2,252.2,1.2,1.2,2.2,2.2,0.2,17.2,1.2,0.2,3.2,5.2,1.2
u,l,5.2,1.2,1.2,1.2,0.2,6.2,3.2,11.2,0.2,1.2,0.2,9.2,2.2,1.2,10.2,1.2,28.2,1.2,4.2,2.2,13.2,1.2,0.2,0.2,0.2,1.2
u,q,0.2,1.2,0.2,0.2,0.2,0.2,1.2,0.2,0.2,0.2,0.2,0.2,0.2,0.2,0.2,1.2,1.2,0.2,1.2,0.2,1.2,0.2,0.2,1.2,0.2,0.2
u,r,14.2,1.2,5.2,7.2,7.2,9.2,14.2,5.2,0.2,7.2,3.2,33.2,0.2,1.2,17.2,0.2,3.2,6.2,0.2,1.2,11.2,5.2,0.2,6.2,3.2,4.2
u,k,2.2,0.2,0.2,8.2,1.2,0.2,1.2,0.2,0.2,4.2,1.2,1.2,0.2,0.2,0.2,0.2,0.2,0.2,1.2,0.2,3.2,1.2,0.2,0.2,0.2,1.2
u,e,1.2,0.2,7.2,5.2,1.2,2.2,14.2,23.2,0.2,4.2,1.2,6.2,0.2,0.2,5.2,1.2,1.2,1.2,1.2,0.2,3.2,0.2,1.2,1.2,1.2,2.2
u,z,1.2,1.2,0.2,0.2,1.2,3.2,0.2,0.2,0.2,0.2,0.2,0.2,0.2,0.2,0.2,0.2,0.2,0.2,0.2,0.2,1.2,0.2,0.2,1.2,1.2,0.2
u,v,0.2,0.2,0.2,0.2,0.2,0.2,0.2,0.2,0.2,0.2,0.2,1.2,0.2,0.2,0.2,1.2,0.2,0.2,1.2,0.2,0.2,0.2,1.2,0.2,0.2,0.2
u,t,10.2,5.2,4.2,6.2,13.2,14.2,3.2,2.2,0.2,10.2,0.2,14.2,2.2,2.2,13.2,0.2,1.2,7.2,5.2,5.2,36.2,2.2,0.2,0.2,7.2,1.2
u,x,0.2,0.2,0.2,1.2,0.2,0.2,0.2,0.2,1.2,0.2,0.2,2.2,0.2,0.2,0.2,0.2,0.2,0.2,0.2,0.2,0.2,0.2,0.2,0.2,0.2,0.2
u,d,2.2,0.2,0.2,0.2,2.2,9.2,2.2,1.2,0.2,3.2,0.2,4.2,0.2,0.2,0.2,0.2,3.2,0.2,0.2,3.2,2.2,0.2,0.2,0.2,0.2,0.2
u,f,0.2,2.2,1.2,0.2,0.2,11.2,1.2,0.2,0.2,1.2,0.2,5.2,1.2,0.2,0.2,0.2,0.2,4.2,1.2,0.2,1.2,0.2,0.2,1.2,0.2,1.2
u,w,6.2,0.2,0.2,0.2,0.2,0.2,0.2,0.2,0.2,0.2,0.2,4.2,0.2,0.2,0.2,0.2,0.2,1.2,0.2,0.2,2.2,0.2,0.2,0.2,0.2,0.2
u,y,0.2,0.2,0.2,1.2,1.2,1.2,7.2,0.2,0.2,0.2,0.2,2.2,0.2,0.2,1.2,0.2,0.2,1.2,0.2,0.2,0.2,1.2,0.2,0.2,1.2,1.2
u,i,1.2,0.2,1.2,0.2,1.2,0.2,5.2,1.2,0.2,1.2,1.2,0.2,0.2,0.2,8.2,1.2,0.2,0.2,0.2,0.2,0.2,0.2,0.2,2.2,0.2,0.2
u,b,10.2,0.2,2.2,1.2,0.2,1.2,1.2,5.2,0.2,2.2,0.2,8.2,0.2,1.2,0.2,0.2,0.2,0.2,0.2,1.2,3.2,1.2,1.2,0.2,0.2,0.2
u,j,1.2,9.2,0.2,0.2,1.2,1.2,0.2,1.2,0.2,0.2,0.2,3.2,0.2,0.2,0.2,0.2,1.2,0.2,1.2,0.2,0.2,0.2,0.2,1.2,0.2,0.2
u,g,6.2,1.2,1.2,0.2,16.2,9.2,3.2,4.2,0.2,0.2,0.2,4.2,0.2,0.2,1.2,0.2,1.2,5.2,0.2,0.2,2.2,3.2,1.2,0.2,0.2,0.2
u,m,9.2,3.2,0.2,0.2,1.2,6.2,2.2,0.2,0.2,0.2,0.2,4.2,0.2,0.2,1.2,0.2,0.2,0.2,0.2,2.2,2.2,5.2,0.2,0.2,3.2,5.2
u,p,4.2,1.2,1.2,0.2,2.2,4.2,7.2,1.2,1.2,4.2,0.2,3.2,0.2,0.2,3.2,0.2,1.2,0.2,1.2,0.2,6.2,0.2,0.2,1.2,0.2,4.2
c,a,4.2,16.2,5.2,76.2,2.2,3.2,10.2,24.2,0.2,43.2,0.2,0.2,3.2,3.2,19.2,0.2,4.2,2.2,3.2,2.2,2.2,2.2,1.2,4.2,12.2,7.2
c,u,0.2,0.2,1.2,0.2,0.2,0.2,1.2,8.2,1.2,2.2,0.2,1.2,2.2,0.2,5.2,0.2,2.2,0.2,0.2,0.2,0.2,4.2,0.2,0.2,0.2,6.2
c,c,3.2,0.2,0.2,0.2,1.2,4.2,1.2,1.2,0.2,0.2,1.2,4.2,0.2,0.2,1.2,0.2,0.2,1.2,0.2,0.2,7.2,0.2,0.2,0.2,0.2,0.2
c,n,0.2,0.2,1.2,0.2,0.2,0.2,0.2,0.2,0.2,0.2,1.2,2.2,0.2,0.2,0.2,0.2,0.2,1.2,0.2,0.2,0.2,1.2,0.2,0.2,0.2,0.2
c,h,35.2,5.2,2.2,0.2,4.2,19.2,3.2,1.2,0.2,4.2,0.2,11.2,0.2,0.2,9.2,3.2,2.2,3.2,0.2,6.2,22.2,2.2,1.2,0.2,7.2,1.2
c,o,20.2,31.2,12.2,40.2,10.2,10.2,29.2,28.2,7.2,25.2,6.2,20.2,11.2,50.2,14.2,17.2,17.2,16.2,14.2,12.2,9.2,11.2,12.2,15.2,57.2,16.2
c,s,1.2,0.2,1.2,0.2,3.2,0.2,0.2,1.2,0.2,0.2,0.2,1.2,0.2,0.2,1.2,0.2,0.2,0.2,1.2,1.2,1.2,0.2,1.2,0.2,0.2,0.2
c,l,13.2,3.2,0.2,0.2,0.2,7.2,0.2,1.2,0.2,0.2,0.2,3.2,0.2,0.2,0.2,1.2,0.2,0.2,1.2,0.2,9.2,0.2,0.2,0.2,0.2,0.2
c,q,0.2,2.2,0.2,0.2,0.2,0.2,0.2,0.2,0.2,0.2,0.2,0.2,0.2,0.2,0.2,0.2,1.2,0.2,0.2,1.2,1.2,0.2,0.2,0.2,0.2,0.2
c,r,13.2,0.2,1.2,0.2,0.2,6.2,0.2,0.2,0.2,0.2,0.2,12.2,0.2,0.2,0.2,0.2,0.2,1.2,0.2,3.2,11.2,0.2,0.2,0.2,0.2,1.2
c,k,6.2,0.2,1.2,1.2,2.2,9.2,13.2,5.2,0.2,1.2,0.2,7.2,0.2,0.2,13.2,1.2,1.2,4.2,3.2,4.2,18.2,4.2,0.2,3.2,4.2,1.2
c,e,5.2,1.2,2.2,7.2,4.2,2.2,20.2,18.2,0.2,11.2,2.2,2.2,0.2,1.2,5.2,0.2,5.2,4.2,5.2,0.2,7.2,3.2,0.2,1.2,6.2,3.2
c,z,0.2,0.2,0.2,0.2,0.2,0.2,0.2,0.2,0.2,0.2,0.2,0.2,0.2,0.2,0.2,1.2,0.2,0.2,1.2,0.2,0.2,0.2,0.2,0.2,0.2,0.2
c,v,0.2,1.2,0.2,0.2,1.2,0.2,1.2,0.2,0.2,0.2,1.2,0.2,0.2,1.2,0.2,0.2,0.2,0.2,0.2,0.2,1.2,0.2,0.2,1.2,0.2,0.2
c,t,1.2,5.2,0.2,0.2,4.2,4.2,1.2,2.2,1.2,3.2,0.2,3.2,0.2,0.2,3.2,1.2,0.2,0.2,0.2,0.2,10.2,1.2,0.2,0.2,1.2,1.2
c,x,0.2,0.2,0.2,0.2,0.2,0.2,0.2,0.2,0.2,0.2,0.2,0.2,0.2,0.2,0.2,1.2,0.2,0.2,0.2,0.2,0.2,0.2,0.2,0.2,1.2,0.2
c,d,1.2,0.2,0.2,0.2,1.2,2.2,0.2,0.2,0.2,0.2,0.2,2.2,0.2,0.2,0.2,0.2,0.2,0.2,0.2,1.2,0.2,0.2,0.2,0.2,0.2,0.2
c,f,0.2,0.2,1.2,0.2,0.2,2.2,0.2,0.2,0.2,1.2,0.2,1.2,0.2,0.2,0.2,0.2,0.2,1.2,0.2,0.2,0.2,1.2,0.2,0.2,0.2,0.2
c,w,1.2,0.2,0.2,0.2,1.2,1.2,0.2,0.2,0.2,1.2,0.2,0.2,0.2,0.2,0.2,0.2,0.2,0.2,1.2,0.2,1.2,0.2,0.2,0.2,0.2,0.2
c,y,0.2,0.2,7.2,0.2,0.2,1.2,0.2,0.2,0.2,1.2,1.2,0.2,0.2,0.2,1.2,0.2,1.2,0.2,0.2,0.2,0.2,1.2,0.2,0.2,0.2,0.2
c,i,19.2,4.2,3.2,7.2,0.2,4.2,5.2,1.2,0.2,0.2,0.2,6.2,0.2,0.2,11.2,0.2,6.2,1.2,0.2,0.2,0.2,1.2,0.2,0.2,0.2,3.2
c,b,1.2,1.2,0.2,0.2,0.2,0.2,1.2,1.2,0.2,1.2,0.2,2.2,0.2,1.2,0.2,1.2,0.2,0.2,0.2,1.2,1.2,0.2,0.2,0.2,0.2,0.2
c,j,0.2,4.2,0.2,0.2,0.2,0.2,0.2,1.2,0.2,0.2,0.2,1.2,0.2,0.2,0.2,0.2,0.2,0.2,0.2,0.2,0.2,0.2,0.2,1.2,0.2,1.2
c,g,0.2,0.2,0.2,0.2,0.2,0.2,0.2,1.2,0.2,1.2,1.2,0.2,0.2,0.2,0.2,0.2,0.2,0.2,0.2,0.2,2.2,0.2,1.2,0.2,0.2,0.2
c,m,1.2,0.2,0.2,0.2,1.2,1.2,0.2,0.2,0.2,0.2,0.2,0.2,0.2,0.2,0.2,0.2,0.2,0.2,0.2,0.2,3.2,0.2,0.2,0.2,0.2,1.2
c,p,1.2,2.2,0.2,0.2,2.2,0.2,0.2,0.2,0.2,1.2,0.2,2.2,0.2,0.2,0.2,0.2,1.2,0.2,1.2,0.2,0.2,0.2,0.2,0.2,0.2,1.2
n,a,5.2,3.2,8.2,28.2,16.2,0.2,24.2,25.2,1.2,10.2,2.2,2.2,2.2,4.2,22.2,0.2,10.2,4.2,7.2,0.2,11.2,13.2,3.2,9.2,18.2,8.2
n,u,2.2,0.2,1.2,1.2,0.2,0.2,4.2,1.2,0.2,1.2,1.2,0.2,0.2,0.2,1.2,0.2,0.2,2.2,2.2,0.2,0.2,1.2,0.2,1.2,3.2,2.2
n,c,14.2,1.2,1.2,1.2,11.2,12.2,1.2,3.2,1.2,4.2,0.2,30.2,0.2,1.2,1.2,1.2,0.2,1.2,1.2,1.2,8.2,0.2,0.2,0.2,0.2,1.2
n,n,16.2,3.2,2.2,14.2,1.2,6.2,0.2,1.2,0.2,1.2,0.2,11.2,0.2,0.2,0.2,1.2,1.2,0.2,0.2,11.2,19.2,1.2,0.2,0.2,1.2,0.2
n,h,8.2,2.2,0.2,1.2,0.2,6.2,0.2,0.2,0.2,0.2,0.2,9.2,0.2,0.2,19.2,0.2,0.2,0.2,0.2,0.2,1.2,1.2,0.2,0.2,0.2,0.2
n,o,0.2,5.2,3.2,12.2,2.2,7.2,12.2,4.2,0.2,12.2,0.2,2.2,0.2,2.2,52.2,0.2,2.2,9.2,66.2,1.2,1.2,3.2,0.2,2.2,12.2,0.2
n,s,14.2,5.2,4.2,3.2,8.2,21.2,6.2,1.2,0.2,0.2,3.2,10.2,1.2,0.2,30.2,0.2,0.2,3.2,2.2,0.2,9.2,7.2,1.2,1.2,1.2,13.2
n,l,6.2,0.2,0.2,0.2,0.2,7.2,0.2,1.2,0.2,0.2,1.2,5.2,0.2,0.2,0.2,0.2,0.2,0.2,0.2,9.2,5.2,0.2,0.2,0.2,0.2,0.2
n,q,2.2,3.2,0.2,0.2,1.2,0.2,0.2,0.2,0.2,0.2,0.2,0.2,0.2,0.2,0.2,0.2,0.2,0.2,0.2,0.2,0.2,0.2,1.2,1.2,0.2,0.2
n,r,2.2,8.2,1.2,2.2,1.2,5.2,0.2,0.2,0.2,0.2,0.2,6.2,1.2,0.2,0.2,0.2,0.2,0.2,0.2,1.2,2.2,0.2,0.2,0.2,0.2,0.2
n,k,5.2,3.2,1.2,4.2,1.2,3.2,18.2,3.2,0.2,0.2,1.2,4.2,0.2,0.2,2.2,0.2,0.2,1.2,1.2,8.2,11.2,0.2,2.2,0.2,1.2,0.2
n,e,12.2,4.2,4.2,4.2,4.2,12.2,29.2,13.2,0.2,12.2,2.2,21.2,21.2,25.2,19.2,8.2,12.2,4.2,31.2,5.2,8.2,4.2,1.2,6.2,6.2,0.2
n,z,1.2,1.2,0.2,0.2,0.2,0.2,0.2,0.2,0.2,1.2,1.2,0.2,0.2,1.2,0.2,0.2,1.2,0.2,0.2,0.2,0.2,0.2,0.2,0.2,0.2,0.2
n,v,2.2,1.2,0.2,0.2,0.2,2.2,2.2,0.2,0.2,2.2,0.2,9.2,0.2,0.2,0.2,1.2,0.2,0.2,0.2,0.2,5.2,0.2,0.2,0.2,1.2,0.2
n,t,29.2,4.2,9.2,2.2,62.2,27.2,25.2,6.2,0.2,14.2,8.2,20.2,0.2,3.2,20.2,3.2,3.2,8.2,11.2,4.2,19.2,8.2,2.2,3.2,6.2,4.2
n,x,1.2,0.2,0.2,0.2,0.2,2.2,1.2,0.2,0.2,0.2,0.2,2.2,1.2,0.2,0.2,0.2,0.2,1.2,0.2,0.2,0.2,2.2,0.2,0.2,0.2,0.2
n,d,44.2,3.2,5.2,3.2,14.2,50.2,27.2,7.2,0.2,13.2,0.2,19.2,3.2,1.2,23.2,1.2,5.2,5.2,9.2,8.2,32.2,4.2,3.2,3.2,6.2,7.2
n,f,8.2,3.2,0.2,0.2,1.2,16.2,0.2,2.2,1.2,6.2,0.2,3.2,1.2,0.2,1.2,0.2,0.2,0.2,0.2,1.2,6.2,0.2,0.2,0.2,0.2,0.2
n,w,3.2,1.2,0.2,0.2,4.2,2.2,0.2,1.2,0.2,1.2,0.2,6.2,0.2,0.2,0.2,0.2,0.2,1.2,0.2,0.2,45.2,0.2,0.2,0.2,0.2,0.2
n,y,8.2,0.2,1.2,1.2,0.2,48.2,1.2,2.2,0.2,0.2,0.2,4.2,0.2,0.2,8.2,0.2,7.2,0.2,1.2,1.2,0.2,3.2,0.2,0.2,3.2,0.2
n,i,19.2,2.2,19.2,49.2,2.2,4.2,9.2,3.2,0.2,1.2,4.2,4.2,2.2,3.2,21.2,1.2,3.2,10.2,1.2,1.2,1.2,3.2,1.2,34.2,9.2,1.2
n,b,10.2,5.2,2.2,3.2,0.2,5.2,0.2,3.2,0.2,1.2,0.2,15.2,0.2,0.2,1.2,0.2,0.2,0.2,0.2,0.2,88.2,0.2,0.2,0.2,0.2,0.2
n,j,3.2,12.2,1.2,0.2,0.2,3.2,0.2,1.2,0.2,0.2,0.2,2.2,0.2,1.2,1.2,0.2,0.2,0.2,0.2,0.2,2.2,0.2,0.2,0.2,0.2,0.2
n,g,27.2,8.2,6.2,4.2,18.2,15.2,28.2,18.2,0.2,19.2,18.2,24.2,0.2,1.2,41.2,1.2,6.2,20.2,13.2,15.2,28.2,15.2,3.2,8.2,8.2,4.2
n,m,12.2,0.2,0.2,1.2,0.2,6.2,0.2,0.2,0.2,1.2,1.2,29.2,0.2,0.2,1.2,2.2,0.2,0.2,0.2,20.2,3.2,0.2,0.2,0.2,0.2,1.2
n,p,5.2,2.2,0.2,0.2,3.2,5.2,2.2,5.2,0.2,6.2,1.2,4.2,1.2,0.2,1.2,0.2,0.2,0.2,1.2,0.2,1.2,1.2,0.2,0.2,4.2,0.2
h,a,3.2,2.2,1.2,56.2,25.2,2.2,11.2,9.2,0.2,18.2,6.2,6.2,0.2,43.2,120.2,1.2,10.2,0.2,2.2,0.2,1.2,1.2,0.2,1.2,10.2,45.2
h,u,2.2,0.2,1.2,1.2,2.2,0.2,5.2,2.2,1.2,10.2,1.2,1.2,1.2,0.2,1.2,0.2,1.2,1.2,0.2,0.2,0.2,0.2,0.2,10.2,4.2,0.2
h,c,4.2,1.2,0.2,0.2,3.2,3.2,0.2,0.2,0.2,0.2,0.2,0.2,0.2,0.2,0.2,0.2,0.2,0.2,0.2,1.2,0.2,0.2,0.2,0.2,0.2,0.2
h,n,0.2,1.2,0.2,3.2,0.2,4.2,1.2,2.2,0.2,1.2,0.2,1.2,0.2,0.2,0.2,0.2,0.2,0.2,0.2,0.2,0.2,1.2,0.2,1.2,1.2,0.2
h,h,7.2,1.2,0.2,1.2,8.2,0.2,0.2,0.2,0.2,0.2,0.2,3.2,0.2,0.2,4.2,0.2,0.2,0.2,0.2,0.2,4.2,1.2,0.2,1.2,0.2,0.2
h,o,0.2,28.2,1.2,11.2,1.2,14.2,12.2,15.2,0.2,7.2,0.2,3.2,0.2,0.2,31.2,0.2,5.2,1.2,24.2,1.2,1.2,1.2,0.2,2.2,8.2,9.2
h,s,2.2,0.2,0.2,0.2,0.2,3.2,0.2,2.2,0.2,0.2,3.2,1.2,0.2,0.2,2.2,0.2,0.2,0.2,1.2,0.2,5.2,0.2,2.2,0.2,2.2,0.2
h,l,1.2,0.2,0.2,0.2,0.2,5.2,2.2,1.2,0.2,0.2,0.2,0.2,0.2,0.2,0.2,0.2,0.2,0.2,0.2,0.2,0.2,0.2,1.2,0.2,1.2,0.2
h,q,0.2,1.2,0.2,0.2,1.2,0.2,1.2,0.2,0.2,0.2,0.2,0.2,0.2,0.2,0.2,1.2,0.2,0.2,0.2,0.2,0.2,0.2,0.2,0.2,0.2,0.2
h,r,1.2,1.2,0.2,0.2,0.2,4.2,1.2,0.2,0.2,0.2,0.2,3.2,0.2,0.2,1.2,1.2,0.2,0.2,0.2,0.2,2.2,0.2,0.2,1.2,1.2,0.2
h,k,0.2,0.2,0.2,0.2,0.2,0.2,0.2,1.2,0.2,1.2,0.2,0.2,0.2,0.2,1.2,0.2,0.2,0.2,0.2,1.2,0.2,0.2,0.2,0.2,0.2,0.2
h,e,31.2,3.2,15.2,51.2,7.2,8.2,46.2,46.2,2.2,135.2,3.2,14.2,0.2,6.2,13.2,2.2,13.2,11.2,22.2,38.2,13.2,29.2,4.2,14.2,31.2,16.2
h,z,1.2,0.2,2.2,0.2,0.2,0.2,0.2,1.2,0.2,0.2,0.2,0.2,0.2,0.2,0.2,0.2,0.2,0.2,0.2,0.2,0.2,1.2,0.2,0.2,0.2,0.2
h,v,0.2,0.2,0.2,0.2,0.2,0.2,0.2,0.2,0.2,0.2,0.2,2.2,0.2,0.2,0.2,0.2,0.2,0.2,0.2,0.2,1.2,0.2,0.2,0.2,1.2,0.2
h,t,4.2,0.2,1.2,2.2,18.2,8.2,5.2,2.2,0.2,3.2,0.2,0.2,0.2,0.2,349.2,0.2,1.2,2.2,4.2,0.2,9.2,3.2,0.2,1.2,1.2,1.2
h,x,0.2,0.2,1.2,0.2,0.2,0.2,0.2,0.2,0.2,0.2,0.2,0.2,0.2,0.2,0.2,3.2,3.2,0.2,0.2,0.2,0.2,0.2,0.2,0.2,0.2,0.2
h,d,25.2,0.2,0.2,0.2,1.2,2.2,0.2,0.2,0.2,2.2,0.2,0.2,0.2,0.2,0.2,0.2,1.2,0.2,0.2,0.2,2.2,0.2,0.2,0.2,0.2,1.2
h,f,2.2,0.2,0.2,0.2,0.2,4.2,0.2,0.2,0.2,1.2,0.2,0.2,0.2,0.2,0.2,0.2,0.2,0.2,0.2,0.2,3.2,0.2,0.2,0.2,0.2,0.2
h,w,0.2,0.2,0.2,0.2,2.2,0.2,0.2,0.2,0.2,0.2,1.2,1.2,0.2,1.2,0.2,0.2,1.2,0.2,0.2,0.2,4.2,0.2,1.2,0.2,0.2,0.2
h,y,0.2,0.2,0.2,3.2,0.2,14.2,0.2,0.2,1.2,0.2,0.2,2.2,0.2,0.2,1.2,0.2,1.2,2.2,3.2,1.2,4.2,0.2,2.2,0.2,0.2,0.2
h,i,4.2,0.2,5.2,78.2,0.2,0.2,76.2,17.2,0.2,2.2,2.2,2.2,0.2,1.2,11.2,2.2,2.2,1.2,2.2,0.2,7.2,1.2,2.2,6.2,16.2,5.2
h,b,0.2,0.2,0.2,1.2,1.2,0.2,0.2,0.2,1.2,1.2,0.2,2.2,0.2,0.2,0.2,0.2,1.2,0.2,0.2,0.2,2.2,0.2,33.2,0.2,0.2,0.2
h,j,7.2,0.2,0.2,0.2,0.2,0.2,1.2,0.2,0.2,0.2,0.2,0.2,0.2,0.2,0.2,0.2,0.2,0.2,0.2,1.2,1.2,0.2,0.2,0.2,0.2,0.2
h,g,0.2,0.2,0.2,0.2,0.2,3.2,0.2,0.2,0.2,7.2,0.2,0.2,0.2,0.2,0.2,0.2,1.2,0.2,0.2,0.2,1.2,0.2,1.2,0.2,0.2,0.2
h,m,3.2,0.2,0.2,0.2,0.2,1.2,0.2,0.2,0.2,0.2,0.2,9.2,0.2,1.2,1.2,1.2,0.2,0.2,0.2,4.2,3.2,0.2,0.2,0.2,1.2,0.2
h,p,0.2,0.2,0.2,0.2,1.2,0.2,0.2,1.2,0.2,4.2,0.2,0.2,0.2,0.2,1.2,0.2,0.2,0.2,0.2,1.2,0.2,0.2,0.2,0.2,0.2,0.2
o,a,0.2,1.2,8.2,10.2,2.2,0.2,3.2,9.2,2.2,5.2,1.2,1.2,2.2,0.2,6.2,1.2,11.2,2.2,3.2,0.2,1.2,3.2,1.2,0.2,5.2,0.2
o,u,26.2,8.2,21.2,41.2,15.2,7.2,45.2,38.2,0.2,91.2,7.2,2.2,0.2,1.2,84.2,0.2,9.2,14.2,9.2,4.2,10.2,15.2,13.2,25.2,13.2,5.2
o,c,9.2,1.2,4.2,1.2,7.2,7.2,1.2,2.2,1.2,3.2,16.2,2.2,0.2,1.2,0.2,0.2,1.2,2.2,1.2,1.2,4.2,1.2,1.2,0.2,1.2,1.2
o,n,51.2,2.2,13.2,9.2,13.2,30.2,34.2,10.2,1.2,5.2,4.2,70.2,0.2,3.2,71.2,1.2,45.2,11.2,5.2,12.2,37.2,6.2,5.2,27.2,18.2,7.2
o,h,11.2,1.2,0.2,8.2,1.2,5.2,4.2,0.2,0.2,2.2,0.2,9.2,0.2,0.2,16.2,0.2,1.2,0.2,2.2,1.2,2.2,1.2,0.2,1.2,1.2,1.2
o,o,1.2,2.2,2.2,26.2,5.2,51.2,5.2,19.2,0.2,11.2,27.2,0.2,1.2,1.2,16.2,0.2,58.2,4.2,3.2,1.2,2.2,1.2,1.2,5.2,5.2,3.2
o,s,7.2,7.2,26.2,4.2,6.2,10.2,12.2,1.2,1.2,3.2,1.2,35.2,1.2,8.2,56.2,3.2,0.2,2.2,3.2,4.2,8.2,4.2,1.2,2.2,2.2,10.2
o,l,15.2,6.2,0.2,0.2,1.2,13.2,2.2,76.2,1.2,0.2,0.2,10.2,0.2,8.2,8.2,0.2,13.2,7.2,4.2,2.2,27.2,2.2,2.2,1.2,0.2,0.2
o,q,0.2,0.2,0.2,0.2,1.2,0.2,1.2,2.2,0.2,0.2,0.2,0.2,0.2,1.2,0.2,1.2,1.2,0.2,0.2,0.2,0.2,0.2,0.2,1.2,0.2,0.2
o,r,25.2,4.2,5.2,21.2,3.2,9.2,14.2,17.2,0.2,17.2,21.2,58.2,1.2,8.2,56.2,0.2,21.2,3.2,3.2,17.2,22.2,6.2,0.2,12.2,13.2,2.2
o,k,7.2,1.2,3.2,5.2,0.2,2.2,3.2,3.2,0.2,0.2,0.2,13.2,1.2,1.2,3.2,0.2,0.2,1.2,0.2,2.2,9.2,1.2,0.2,1.2,1.2,1.2
o,e,4.2,0.2,1.2,4.2,1.2,0.2,13.2,2.2,1.2,0.2,1.2,0.2,2.2,3.2,2.2,5.2,0.2,2.2,0.2,1.2,3.2,1.2,2.2,0.2,1.2,2.2
o,z,1.2,0.2,0.2,1.2,2.2,1.2,0.2,1.2,0.2,0.2,0.2,2.2,0.2,0.2,1.2,0.2,2.2,0.2,2.2,0.2,3.2,0.2,0.2,1.2,0.2,0.2
o,v,2.2,0.2,0.2,0.2,2.2,2.2,2.2,0.2,0.2,0.2,2.2,121.2,1.2,0.2,1.2,0.2,0.2,0.2,34.2,0.2,5.2,2.2,0.2,0.2,1.2,2.2
o,t,14.2,2.2,5.2,2.2,55.2,30.2,8.2,2.2,1.2,5.2,4.2,24.2,0.2,0.2,18.2,1.2,1.2,1.2,6.2,4.2,17.2,8.2,3.2,0.2,7.2,1.2
o,x,0.2,0.2,1.2,0.2,1.2,1.2,4.2,1.2,1.2,0.2,1.2,2.2,1.2,1.2,1.2,1.2,0.2,1.2,1.2,1.2,2.2,0.2,1.2,1.2,1.2,2.2
o,d,25.2,4.2,3.2,7.2,2.2,11.2,2.2,8.2,2.2,1.2,1.2,15.2,1.2,1.2,5.2,0.2,9.2,3.2,4.2,11.2,11.2,1.2,1.2,1.2,12.2,0.2
o,f,13.2,3.2,4.2,0.2,3.2,7.2,7.2,6.2,0.2,3.2,1.2,3.2,1.2,0.2,25.2,0.2,3.2,27.2,6.2,3.2,9.2,9.2,1.2,0.2,11.2,7.2
o,w,12.2,3.2,1.2,19.2,7.2,7.2,8.2,3.2,0.2,4.2,2.2,17.2,3.2,1.2,14.2,0.2,2.2,3.2,17.2,7.2,31.2,12.2,2.2,0.2,43.2,1.2
o,y,2.2,1.2,3.2,2.2,1.2,11.2,1.2,0.2,0.2,2.2,0.2,1.2,0.2,0.2,0.2,0.2,2.2,0.2,0.2,0.2,3.2,2.2,1.2,1.2,0.2,2.2
o,i,1.2,0.2,1.2,16.2,0.2,0.2,6.2,4.2,1.2,0.2,0.2,1.2,0.2,0.2,4.2,0.2,4.2,2.2,0.2,0.2,0.2,2.2,2.2,1.2,1.2,0.2
o,b,12.2,2.2,0.2,1.2,1.2,7.2,1.2,6.2,0.2,0.2,0.2,20.2,0.2,3.2,0.2,0.2,1.2,0.2,1.2,1.2,4.2,1.2,0.2,0.2,2.2,1.2
o,j,2.2,4.2,1.2,0.2,1.2,2.2,0.2,1.2,0.2,1.2,0.2,1.2,0.2,0.2,0.2,1.2,1.2,1.2,0.2,2.2,0.2,2.2,1.2,0.2,1.2,1.2
o,g,4.2,3.2,0.2,1.2,0.2,14.2,1.2,4.2,0.2,7.2,1.2,9.2,0.2,1.2,1.2,0.2,2.2,0.2,2.2,0.2,5.2,1.2,1.2,1.2,1.2,1.2
o,m,19.2,20.2,4.2,4.2,2.2,35.2,10.2,6.2,0.2,1.2,0.2,96.2,1.2,1.2,2.2,0.2,1.2,3.2,3.2,12.2,11.2,6.2,0.2,8.2,6.2,9.2
o,p,5.2,7.2,1.2,0.2,1.2,2.2,4.2,17.2,1.2,2.2,1.2,22.2,0.2,1.2,3.2,0.2,5.2,0.2,0.2,5.2,2.2,1.2,0.2,1.2,2.2,2.2
s,a,1.2,1.2,3.2,43.2,7.2,0.2,4.2,24.2,0.2,15.2,2.2,0.2,0.2,6.2,10.2,0.2,7.2,5.2,3.2,21.2,6.2,11.2,1.2,9.2,27.2,5.2
s,u,3.2,0.2,5.2,16.2,0.2,0.2,9.2,1.2,0.2,12.2,2.2,4.2,1.2,0.2,1.2,0.2,1.2,1.2,0.2,0.2,1.2,1.2,0.2,1.2,4.2,7.2
s,c,29.2,3.2,0.2,0.2,10.2,24.2,0.2,2.2,0.2,8.2,2.2,3.2,0.2,0.2,0.2,0.2,1.2,0.2,0.2,1.2,4.2,0.2,0.2,0.2,0.2,1.2
s,n,4.2,1.2,2.2,0.2,0.2,19.2,0.2,0.2,0.2,0.2,0.2,10.2,0.2,0.2,9.2,1.2,0.2,0.2,0.2,0.2,5.2,0.2,1.2,1.2,2.2,1.2
s,h,17.2,1.2,3.2,0.2,2.2,37.2,1.2,0.2,0.2,0.2,0.2,30.2,0.2,0.2,44.2,1.2,2.2,3.2,0.2,2.2,29.2,0.2,0.2,6.2,1.2,0.2
s,o,8.2,23.2,9.2,48.2,5.2,13.2,19.2,9.2,0.2,7.2,1.2,0.2,1.2,0.2,5.2,1.2,5.2,10.2,1.2,0.2,5.2,5.2,1.2,4.2,52.2,1.2
s,s,15.2,10.2,3.2,3.2,16.2,16.2,22.2,6.2,0.2,1.2,5.2,22.2,0.2,1.2,12.2,0.2,2.2,1.2,1.2,11.2,26.2,5.2,1.2,0.2,2.2,4.2
s,l,6.2,2.2,1.2,0.2,1.2,11.2,0.2,0.2,0.2,0.2,1.2,13.2,0.2,0.2,3.2,0.2,0.2,0.2,0.2,2.2,8.2,1.2,0.2,0.2,0.2,0.2
s,q,0.2,10.2,0.2,0.2,0.2,0.2,0.2,0.2,0.2,0.2,0.2,0.2,0.2,2.2,0.2,0.2,0.2,0.2,0.2,0.2,0.2,0.2,0.2,0.2,0.2,0.2
s,r,3.2,1.2,0.2,1.2,0.2,3.2,0.2,0.2,1.2,0.2,0.2,6.2,0.2,0.2,3.2,1.2,1.2,0.2,2.2,0.2,3.2,0.2,1.2,0.2,0.2,0.2
s,k,3.2,3.2,1.2,0.2,0.2,5.2,0.2,0.2,0.2,2.2,0.2,5.2,0.2,0.2,0.2,1.2,0.2,2.2,0.2,6.2,18.2,1.2,1.2,1.2,0.2,1.2
s,e,20.2,4.2,8.2,14.2,9.2,7.2,17.2,28.2,0.2,30.2,0.2,84.2,1.2,10.2,6.2,5.2,15.2,5.2,3.2,6.2,14.2,7.2,20.2,2.2,9.2,2.2
s,z,1.2,0.2,0.2,0.2,0.2,0.2,0.2,0.2,1.2,1.2,0.2,0.2,1.2,0.2,0.2,1.2,0.2,0.2,0.2,0.2,0.2,0.2,0.2,0.2,0.2,1.2
s,v,1.2,0.2,0.2,0.2,0.2,1.2,1.2,0.2,0.2,0.2,0.2,9.2,0.2,0.2,0.2,0.2,1.2,0.2,0.2,1.2,3.2,0.2,0.2,0.2,0.2,0.2
s,t,92.2,10.2,62.2,7.2,53.2,55.2,13.2,8.2,1.2,33.2,1.2,49.2,0.2,2.2,15.2,0.2,15.2,9.2,5.2,11.2,214.2,16.2,0.2,4.2,6.2,16.2
s,x,0.2,0.2,1.2,0.2,0.2,0.2,0.2,0.2,1.2,0.2,0.2,0.2,0.2,0.2,0.2,2.2,0.2,2.2,0.2,0.2,1.2,0.2,0.2,0.2,0.2,0.2
s,d,15.2,0.2,0.2,0.2,0.2,6.2,0.2,0.2,0.2,3.2,0.2,9.2,0.2,0.2,0.2,0.2,0.2,0.2,0.2,0.2,2.2,0.2,0.2,0.2,0.2,0.2
s,f,5.2,3.2,0.2,0.2,0.2,26.2,0.2,1.2,0.2,7.2,0.2,0.2,0.2,0.2,0.2,0.2,0.2,0.2,0.2,2.2,4.2,0.2,0.2,2.2,0.2,0.2
s,w,5.2,1.2,0.2,1.2,24.2,7.2,1.2,0.2,0.2,2.2,0.2,13.2,0.2,0.2,1.2,1.2,0.2,0.2,1.2,0.2,8.2,0.2,0.2,0.2,0.2,2.2
s,y,2.2,1.2,1.2,5.2,1.2,27.2,1.2,0.2,0.2,0.2,0.2,3.2,0.2,0.2,0.2,0.2,0.2,0.2,0.2,0.2,0.2,0.2,0.2,1.2,1.2,0.2
s,i,8.2,0.2,9.2,53.2,2.2,10.2,11.2,7.2,0.2,2.2,2.2,2.2,1.2,1.2,23.2,0.2,16.2,37.2,2.2,1.2,0.2,3.2,3.2,3.2,17.2,2.2
s,b,12.2,4.2,1.2,0.2,0.2,2.2,1.2,2.2,0.2,4.2,0.2,23.2,0.2,1.2,1.2,4.2,1.2,0.2,0.2,6.2,16.2,0.2,0.2,0.2,0.2,0.2
s,j,3.2,13.2,0.2,0.2,2.2,4.2,0.2,0.2,0.2,1.2,0.2,0.2,0.2,0.2,0.2,1.2,0.2,0.2,0.2,0.2,1.2,0.2,0.2,0.2,0.2,0.2
s,g,2.2,3.2,0.2,0.2,0.2,16.2,0.2,4.2,0.2,4.2,0.2,3.2,0.2,0.2,2.2,0.2,0.2,0.2,0.2,0.2,2.2,0.2,0.2,0.2,0.2,0.2
s,m,13.2,0.2,0.2,0.2,1.2,8.2,0.2,0.2,0.2,0.2,0.2,9.2,0.2,1.2,1.2,1.2,0.2,0.2,0.2,11.2,13.2,1.2,1.2,0.2,0.2,0.2
s,p,44.2,1.2,0.2,1.2,2.2,13.2,0.2,6.2,0.2,12.2,0.2,15.2,0.2,0.2,0.2,0.2,0.2,0.2,0.2,1.2,11.2,0.2,0.2,0.2,0.2,1.2
l,a,1.2,13.2,16.2,30.2,9.2,11.2,41.2,7.2,0.2,10.2,3.2,0.2,4.2,1.2,16.2,3.2,11.2,7.2,1.2,15.2,9.2,3.2,4.2,4.2,15.2,6.2
l,u,2.2,0.2,8.2,7.2,0.2,0.2,3.2,1.2,0.2,1.2,1.2,6.2,1.2,0.2,7.2,1.2,1.2,0.2,0.2,0.2,0.2,3.2,0.2,2.2,1.2,3.2
l,c,9.2,0.2,1.2,0.2,2.2,6.2,0.2,0.2,0.2,1.2,1.2,1.2,0.2,0.2,0.2,0.2,0.2,0.2,1.2,0.2,0.2,0.2,1.2,0.2,0.2,0.2
l,n,1.2,0.2,0.2,0.2,0.2,1.2,0.2,0.2,0.2,0.2,0.2,4.2,0.2,0.2,0.2,0.2,1.2,0.2,0.2,0.2,0.2,0.2,0.2,0.2,0.2,4.2
l,h,4.2,1.2,0.2,0.2,0.2,4.2,0.2,0.2,0.2,2.2,0.2,2.2,0.2,0.2,13.2,0.2,0.2,0.2,0.2,0.2,0.2,0.2,1.2,0.2,0.2,0.2
l,o,4.2,10.2,5.2,31.2,1.2,22.2,19.2,6.2,0.2,9.2,0.2,2.2,0.2,107.2,15.2,1.2,2.2,9.2,70.2,0.2,0.2,10.2,0.2,2.2,4.2,2.2
l,s,6.2,0.2,1.2,1.2,5.2,10.2,2.2,0.2,0.2,1.2,1.2,44.2,1.2,0.2,4.2,1.2,1.2,2.2,0.2,1.2,7.2,1.2,0.2,2.2,2.2,4.2
l,l,26.2,5.2,0.2,3.2,8.2,83.2,47.2,12.2,0.2,3.2,2.2,20.2,0.2,0.2,23.2,2.2,9.2,2.2,6.2,33.2,29.2,12.2,2.2,4.2,8.2,1.2
l,q,0.2,1.2,1.2,1.2,0.2,0.2,0.2,0.2,0.2,0.2,0.2,0.2,0.2,0.2,0.2,0.2,1.2,0.2,0.2,0.2,0.2,0.2,1.2,0.2,0.2,0.2
l,r,1.2,2.2,0.2,1.2,0.2,0.2,0.2,0.2,0.2,1.2,0.2,13.2,0.2,1.2,3.2,0.2,0.2,0.2,0.2,0.2,4.2,0.2,0.2,0.2,0.2,1.2
l,k,4.2,1.2,0.2,2.2,0.2,1.2,1.2,0.2,0.2,0.2,0.2,4.2,0.2,0.2,0.2,0.2,0.2,0.2,1.2,1.2,11.2,1.2,0.2,0.2,2.2,0.2
l,e,102.2,3.2,7.2,46.2,4.2,4.2,43.2,6.2,0.2,11.2,1.2,16.2,1.2,4.2,22.2,1.2,9.2,9.2,7.2,6.2,12.2,7.2,2.2,5.2,14.2,5.2
l,z,0.2,0.2,0.2,0.2,0.2,0.2,0.2,1.2,0.2,2.2,0.2,0.2,1.2,0.2,1.2,0.2,0.2,1.2,0.2,0.2,0.2,1.2,0.2,1.2,1.2,0.2
l,v,4.2,0.2,0.2,0.2,0.2,0.2,0.2,0.2,1.2,0.2,0.2,4.2,0.2,0.2,0.2,0.2,0.2,1.2,1.2,0.2,6.2,0.2,0.2,0.2,0.2,0.2
l,t,5.2,4.2,0.2,1.2,22.2,7.2,2.2,1.2,0.2,6.2,1.2,4.2,0.2,0.2,0.2,1.2,3.2,0.2,1.2,1.2,5.2,0.2,0.2,0.2,1.2,0.2
l,x,0.2,0.2,0.2,0.2,0.2,0.2,0.2,0.2,0.2,0.2,0.2,0.2,0.2,0.2,0.2,2.2,1.2,0.2,0.2,0.2,1.2,0.2,0.2,5.2,0.2,0.2
l,d,9.2,1.2,5.2,2.2,4.2,7.2,6.2,1.2,0.2,2.2,2.2,11.2,0.2,0.2,1.2,0.2,1.2,4.2,0.2,0.2,6.2,5.2,1.2,4.2,3.2,2.2
l,f,3.2,0.2,3.2,0.2,0.2,2.2,0.2,0.2,0.2,3.2,1.2,0.2,0.2,0.2,2.2,0.2,0.2,1.2,1.2,0.2,6.2,3.2,0.2,2.2,0.2,0.2
l,w,17.2,0.2,1.2,0.2,5.2,1.2,0.2,1.2,0.2,0.2,0.2,6.2,0.2,0.2,0.2,0.2,0.2,0.2,2.2,0.2,2.2,0.2,0.2,0.2,0.2,0.2
l,y,8.2,0.2,6.2,8.2,4.2,11.2,6.2,8.2,0.2,6.2,3.2,3.2,0.2,0.2,5.2,0.2,6.2,5.2,5.2,3.2,6.2,4.2,1.2,2.2,4.2,2.2
l,i,13.2,1.2,8.2,47.2,5.2,2.2,11.2,3.2,1.2,0.2,37.2,62.2,1.2,18.2,18.2,1.2,11.2,22.2,1.2,0.2,1.2,1.2,0.2,6.2,9.2,4.2
l,b,10.2,2.2,1.2,0.2,0.2,1.2,0.2,0.2,0.2,0.2,0.2,12.2,0.2,0.2,0.2,0.2,0.2,0.2,0.2,0.2,0.2,0.2,0.2,0.2,0.2,0.2
l,j,0.2,6.2,0.2,0.2,0.2,1.2,0.2,1.2,0.2,0.2,0.2,0.2,1.2,0.2,0.2,0.2,1.2,0.2,0.2,0.2,0.2,1.2,0.2,0.2,0.2,0.2
l,g,1.2,1.2,0.2,0.2,0.2,0.2,0.2,0.2,0.2,1.2,0.2,2.2,0.2,0.2,0.2,0.2,1.2,0.2,0.2,1.2,4.2,0.2,0.2,0.2,0.2,0.2
l,m,13.2,1.2,0.2,1.2,0.2,5.2,0.2,0.2,0.2,0.2,0.2,7.2,0.2,0.2,0.2,0.2,1.2,1.2,0.2,4.2,2.2,0.2,0.2,0.2,0.2,1.2
l,p,2.2,6.2,0.2,0.2,1.2,0.2,3.2,0.2,0.2,2.2,0.2,0.2,0.2,1.2,1.2,0.2,2.2,0.2,1.2,1.2,2.2,0.2,0.2,0.2,8.2,0.2
q,a,0.2,0.2,1.2,0.2,0.2,0.2,0.2,1.2,0.2,0.2,0.2,1.2,2.2,0.2,1.2,0.2,0.2,0.2,0.2,0.2,0.2,1.2,0.2,0.2,1.2,0.2
q,u,4.2,0.2,0.2,0.2,0.2,1.2,2.2,0.2,0.2,0.2,1.2,20.2,0.2,0.2,1.2,0.2,0.2,1.2,0.2,0.2,6.2,0.2,0.2,0.2,0.2,0.2
q,c,0.2,0.2,0.2,0.2,0.2,0.2,0.2,0.2,0.2,0.2,0.2,0.2,0.2,1.2,0.2,0.2,0.2,0.2,0.2,0.2,0.2,0.2,0.2,1.2,0.2,0.2
q,n,0.2,0.2,0.2,0.2,0.2,0.2,0.2,0.2,0.2,0.2,0.2,1.2,0.2,0.2,0.2,0.2,0.2,0.2,0.2,0.2,0.2,0.2,0.2,0.2,0.2,1.2
q,h,0.2,0.2,0.2,0.2,1.2,0.2,0.2,0.2,0.2,0.2,0.2,0.2,0.2,2.2,0.2,0.2,0.2,0.2,0.2,0.2,0.2,0.2,0.2,0.2,1.2,0.2
q,o,0.2,0.2,0.2,0.2,0.2,0.2,0.2,0.2,0.2,0.2,0.2,0.2,0.2,0.2,0.2,0.2,0.2,0.2,0.2,0.2,0.2,0.2,1.2,0.2,0.2,0.2
q,s,0.2,0.2,0.2,1.2,0.2,1.2,0.2,0.2,0.2,0.2,0.2,1.2,0.2,0.2,1.2,0.2,0.2,0.2,0.2,0.2,0.2,0.2,0.2,0.2,0.2,0.2
q,l,0.2,0.2,0.2,0.2,0.2,0.2,0.2,0.2,0.2,0.2,0.2,0.2,0.2,1.2,0.2,0.2,0.2,0.2,0.2,0.2,0.2,1.2,0.2,1.2,0.2,1.2
q,q,0.2,0.2,0.2,0.2,0.2,0.2,0.2,0.2,0.2,0.2,0.2,0.2,0.2,0.2,0.2,0.2,0.2,0.2,1.2,0.2,0.2,0.2,0.2,0.2,0.2,0.2
q,r,0.2,0.2,0.2,0.2,0.2,0.2,0.2,0.2,0.2,0.2,0.2,0.2,0.2,0.2,0.2,0.2,0.2,0.2,0.2,0.2,0.2,0.2,1.2,0.2,0.2,0.2
q,k,0.2,0.2,0.2,0.2,0.2,0.2,0.2,0.2,0.2,0.2,0.2,0.2,0.2,0.2,0.2,0.2,1.2,0.2,0.2,0.2,0.2,0.2,0.2,0.2,0.2,0.2
q,e,0.2,0.2,0.2,0.2,0.2,0.2,0.2,0.2,0.2,0.2,0.2,0.2,2.2,0.2,0.2,0.2,0.2,0.2,0.2,0.2,0.2,0.2,0.2,0.2,0.2,0.2
q,z,0.2,0.2,0.2,0.2,0.2,0.2,1.2,0.2,0.2,0.2,0.2,0.2,0.2,0.2,0.2,0.2,0.2,0.2,0.2,0.2,0.2,0.2,0.2,0.2,0.2,0.2
q,v,1.2,0.2,0.2,0.2,0.2,1.2,0.2,0.2,0.2,0.2,0.2,0.2,0.2,1.2,0.2,0.2,0.2,0.2,1.2,0.2,0.2,0.2,0.2,0.2,0.2,0.2
q,t,0.2,0.2,0.2,0.2,0.2,0.2,0.2,0.2,0.2,1.2,0.2,0.2,0.2,0.2,0.2,0.2,0.2,0.2,0.2,0.2,0.2,0.2,0.2,0.2,0.2,1.2
q,x,0.2,0.2,1.2,0.2,0.2,0.2,0.2,0.2,0.2,0.2,0.2,0.2,0.2,0.2,0.2,0.2,0.2,0.2,0.2,0.2,0.2,1.2,0.2,0.2,0.2,0.2
q,d,2.2,0.2,0.2,0.2,0.2,0.2,0.2,0.2,0.2,0.2,0.2,0.2,0.2,0.2,1.2,0.2,1.2,0.2,0.2,0.2,0.2,0.2,3.2,0.2,0.2,0.2
q,f,0.2,0.2,0.2,0.2,0.2,0.2,0.2,0.2,0.2,0.2,0.2,0.2,0.2,0.2,0.2,0.2,0.2,1.2,0.2,0.2,0.2,0.2,0.2,0.2,0.2,0.2
q,w,1.2,2.2,0.2,0.2,0.2,0.2,1.2,0.2,0.2,0.2,0.2,0.2,0.2,0.2,0.2,0.2,0.2,0.2,0.2,0.2,0.2,0.2,0.2,0.2,1.2,0.2
q,y,0.2,0.2,0.2,0.2,0.2,0.2,0.2,0.2,0.2,0.2,1.2,0.2,0.2,0.2,0.2,0.2,0.2,0.2,0.2,0.2,0.2,0.2,0.2,0.2,0.2,0.2
q,i,0.2,0.2,0.2,0.2,0.2,0.2,0.2,0.2,0.2,0.2,0.2,0.2,0.2,0.2,0.2,0.2,0.2,0.2,0.2,0.2,0.2,0.2,1.2,0.2,0.2,0.2
q,b,0.2,0.2,0.2,0.2,1.2,0.2,0.2,0.2,0.2,0.2,0.2,0.2,0.2,0.2,1.2,0.2,0.2,1.2,0.2,0.2,0.2,0.2,0.2,0.2,0.2,0.2
q,j,0.2,1.2,0.2,0.2,0.2,0.2,0.2,0.2,0.2,0.2,0.2,1.2,0.2,0.2,0.2,0.2,0.2,0.2,0.2,0.2,1.2,0.2,0.2,0.2,0.2,0.2
q,g,0.2,0.2,0.2,0.2,1.2,1.2,0.2,0.2,0.2,2.2,0.2,0.2,0.2,0.2,1.2,0.2,0.2,0.2,0.2,0.2,0.2,0.2,0.2,0.2,0.2,0.2
q,m,0.2,0.2,0.2,0.2,0.2,0.2,0.2,0.2,0.2,0.2,0.2,0.2,0.2,1.2,0.2,0.2,0.2,0.2,0.2,0.2,0.2,0.2,0.2,0.2,0.2,0.2
q,p,0.2,0.2,0.2,0.2,0.2,0.2,0.2,0.2,0.2,0.2,0.2,0.2,0.2,0.2,0.2,1.2,0.2,0.2,0.2,0.2,0.2,0.2,0.2,0.2,1.2,0.2
r,a,4.2,8.2,18.2,43.2,6.2,1.2,14.2,14.2,0.2,5.2,0.2,2.2,9.2,14.2,19.2,0.2,12.2,2.2,7.2,2.2,26.2,7.2,3.2,10.2,19.2,6.2
r,u,2.2,0.2,0.2,17.2,0.2,0.2,14.2,6.2,2.2,1.2,1.2,8.2,0.2,0.2,6.2,0.2,3.2,0.2,0.2,0.2,0.2,3.2,0.2,7.2,1.2,4.2
r,c,7.2,1.2,0.2,0.2,8.2,5.2,0.2,1.2,0.2,2.2,0.2,15.2,0.2,0.2,0.2,0.2,0.2,0.2,0.2,0.2,4.2,0.2,2.2,0.2,0.2,0.2
r,n,7.2,1.2,1.2,0.2,1.2,8.2,2.2,0.2,0.2,2.2,1.2,9.2,0.2,1.2,2.2,0.2,2.2,1.2,0.2,0.2,18.2,1.2,0.2,2.2,3.2,1.2
r,h,8.2,0.2,0.2,0.2,0.2,10.2,0.2,0.2,0.2,0.2,0.2,7.2,0.2,0.2,10.2,1.2,0.2,0.2,0.2,0.2,4.2,0.2,0.2,0.2,0.2,0.2
r,o,10.2,17.2,13.2,38.2,6.2,6.2,13.2,11.2,0.2,2.2,3.2,0.2,4.2,2.2,6.2,2.2,4.2,12.2,15.2,0.2,3.2,9.2,0.2,7.2,36.2,9.2
r,s,7.2,2.2,4.2,1.2,12.2,14.2,1.2,3.2,0.2,0.2,3.2,12.2,1.2,4.2,26.2,0.2,4.2,8.2,0.2,2.2,10.2,3.2,2.2,2.2,6.2,6.2
r,l,6.2,2.2,0.2,0.2,1.2,10.2,2.2,0.2,0.2,0.2,0.2,3.2,0.2,0.2,0.2,0.2,14.2,2.2,0.2,5.2,10.2,0.2,1.2,1.2,2.2,1.2
r,q,0.2,3.2,0.2,0.2,0.2,0.2,0.2,0.2,0.2,0.2,0.2,0.2,0.2,1.2,0.2,0.2,0.2,0.2,0.2,0.2,0.2,0.2,0.2,0.2,0.2,0.2
r,r,11.2,5.2,0.2,0.2,2.2,15.2,0.2,2.2,0.2,0.2,0.2,7.2,0.2,0.2,3.2,0.2,0.2,1.2,0.2,15.2,14.2,0.2,0.2,0.2,0.2,1.2
r,k,3.2,0.2,3.2,4.2,3.2,9.2,5.2,0.2,1.2,1.2,0.2,9.2,0.2,0.2,0.2,0.2,1.2,1.2,2.2,0.2,7.2,3.2,0.2,0.2,0.2,1.2
r,e,100.2,2.2,20.2,22.2,29.2,7.2,65.2,11.2,1.2,4.2,5.2,20.2,2.2,11.2,26.2,1.2,18.2,14.2,19.2,27.2,34.2,10.2,0.2,10.2,18.2,14.2
r,z,1.2,1.2,0.2,0.2,0.2,1.2,0.2,0.2,0.2,0.2,1.2,1.2,0.2,0.2,1.2,1.2,1.2,0.2,0.2,0.2,2.2,0.2,0.2,0.2,3.2,0.2
r,v,2.2,0.2,0.2,0.2,0.2,1.2,0.2,0.2,0.2,0.2,0.2,13.2,0.2,0.2,0.2,1.2,0.2,0.2,0.2,0.2,6.2,0.2,0.2,0.2,0.2,1.2
r,t,21.2,6.2,3.2,1.2,73.2,16.2,15.2,2.2,0.2,7.2,0.2,7.2,5.2,0.2,39.2,0.2,2.2,1.2,5.2,8.2,20.2,3.2,15.2,0.2,3.2,3.2
r,x,0.2,0.2,0.2,0.2,1.2,0.2,0.2,0.2,0.2,1.2,1.2,0.2,0.2,0.2,0.2,1.2,0.2,0.2,0.2,1.2,0.2,0.2,0.2,0.2,0.2,0.2
r,d,19.2,0.2,0.2,2.2,1.2,5.2,5.2,2.2,1.2,1.2,0.2,3.2,0.2,0.2,3.2,0.2,3.2,0.2,1.2,0.2,11.2,4.2,1.2,3.2,0.2,0.2
r,f,1.2,3.2,0.2,0.2,0.2,20.2,0.2,2.2,0.2,2.2,0.2,6.2,0.2,0.2,0.2,0.2,0.2,0.2,1.2,0.2,3.2,0.2,0.2,0.2,0.2,2.2
r,w,6.2,0.2,0.2,0.2,6.2,2.2,0.2,0.2,0.2,0.2,0.2,3.2,0.2,0.2,0.2,0.2,0.2,0.2,1.2,0.2,1.2,0.2,0.2,0.2,0.2,0.2
r,y,4.2,0.2,3.2,1.2,5.2,21.2,7.2,4.2,1.2,0.2,0.2,3.2,0.2,0.2,18.2,0.2,4.2,1.2,2.2,2.2,7.2,1.2,0.2,2.2,5.2,2.2
r,i,19.2,3.2,23.2,37.2,1.2,4.2,24.2,17.2,0.2,1.2,1.2,32.2,3.2,14.2,16.2,0.2,10.2,2.2,0.2,2.2,3.2,9.2,0.2,12.2,12.2,9.2
r,b,10.2,2.2,1.2,0.2,0.2,3.2,0.2,1.2,0.2,1.2,0.2,13.2,0.2,0.2,0.2,0.2,0.2,1.2,0.2,1.2,6.2,0.2,0.2,0.2,0.2,0.2
r,j,0.2,17.2,0.2,1.2,0.2,1.2,0.2,0.2,0.2,0.2,1.2,1.2,0.2,0.2,0.2,0.2,1.2,0.2,0.2,0.2,0.2,41.2,0.2,0.2,0.2,0.2
r,g,4.2,1.2,0.2,0.2,1.2,10.2,0.2,1.2,0.2,1.2,0.2,9.2,1.2,0.2,0.2,0.2,1.2,0.2,1.2,1.2,3.2,1.2,1.2,0.2,3.2,1.2
r,m,21.2,1.2,0.2,0.2,0.2,3.2,0.2,0.2,0.2,0.2,2.2,11.2,0.2,0.2,0.2,0.2,1.2,0.2,1.2,4.2,4.2,1.2,0.2,0.2,0.2,1.2
r,p,4.2,0.2,1.2,0.2,0.2,4.2,1.2,7.2,0.2,5.2,0.2,2.2,1.2,1.2,0.2,0.2,0.2,0.2,0.2,1.2,1.2,0.2,1.2,0.2,0.2,0.2
k,a,1.2,0.2,0.2,8.2,2.2,1.2,1.2,2.2,0.2,5.2,1.2,0.2,0.2,0.2,7.2,0.2,1.2,0.2,1.2,4.2,3.2,3.2,0.2,2.2,0.2,0.2
k,u,0.2,0.2,0.2,2.2,1.2,0.2,2.2,1.2,0.2,0.2,0.2,0.2,0.2,0.2,1.2,0.2,1.2,2.2,0.2,0.2,0.2,1.2,1.2,1.2,2.2,3.2
k,c,7.2,0.2,0.2,0.2,2.2,2.2,0.2,1.2,2.2,0.2,0.2,0.2,0.2,1.2,0.2,0.2,0.2,0.2,0.2,0.2,0.2,0.2,0.2,0.2,0.2,0.2
k,n,0.2,0.2,0.2,0.2,0.2,47.2,0.2,1.2,0.2,0.2,0.2,5.2,0.2,0.2,0.2,0.2,0.2,0.2,0.2,0.2,3.2,0.2,0.2,0.2,0.2,1.2
k,h,3.2,0.2,0.2,0.2,0.2,0.2,0.2,1.2,0.2,0.2,0.2,0.2,0.2,0.2,5.2,0.2,0.2,0.2,0.2,0.2,3.2,0.2,6.2,0.2,0.2,0.2
k,o,1.2,9.2,1.2,8.2,0.2,2.2,3.2,2.2,0.2,1.2,2.2,0.2,0.2,0.2,0.2,0.2,0.2,6.2,2.2,0.2,0.2,0.2,0.2,0.2,0.2,0.2
k,s,6.2,3.2,2.2,1.2,5.2,5.2,0.2,2.2,0.2,1.2,0.2,1.2,0.2,0.2,4.2,0.2,2.2,4.2,0.2,2.2,4.2,4.2,1.2,0.2,1.2,1.2
k,l,1.2,0.2,1.2,3.2,0.2,3.2,0.2,0.2,0.2,0.2,0.2,2.2,0.2,0.2,1.2,1.2,0.2,0.2,0.2,0.2,2.2,0.2,0.2,0.2,0.2,0.2
k,q,0.2,0.2,0.2,0.2,0.2,0.2,1.2,0.2,0.2,0.2,0.2,0.2,1.2,0.2,0.2,0.2,0.2,0.2,0.2,0.2,0.2,0.2,0.2,0.2,0.2,0.2
k,r,5.2,2.2,0.2,0.2,1.2,1.2,0.2,0.2,0.2,1.2,0.2,3.2,0.2,0.2,0.2,0.2,1.2,0.2,0.2,0.2,2.2,0.2,0.2,0.2,0.2,0.2
k,k,0.2,0.2,1.2,0.2,1.2,1.2,0.2,0.2,0.2,0.2,0.2,0.2,0.2,0.2,0.2,0.2,0.2,0.2,0.2,0.2,0.2,0.2,0.2,0.2,0.2,0.2
k,e,15.2,6.2,0.2,13.2,4.2,4.2,14.2,5.2,0.2,5.2,0.2,7.2,0.2,0.2,17.2,1.2,13.2,5.2,3.2,16.2,2.2,4.2,0.2,2.2,6.2,2.2
k,z,0.2,1.2,0.2,0.2,0.2,0.2,0.2,0.2,0.2,29.2,0.2,0.2,0.2,0.2,0.2,0.2,2.2,1.2,0.2,0.2,0.2,0.2,2.2,0.2,0.2,0.2
k,v,0.2,0.2,0.2,0.2,0.2,0.2,0.2,0.2,0.2,0.2,0.2,0.2,0.2,0.2,0.2,0.2,0.2,0.2,0.2,0.2,0.2,0.2,1.2,0.2,0.2,0.2
k,t,0.2,0.2,0.2,0.2,9.2,10.2,0.2,0.2,0.2,0.2,0.2,1.2,0.2,0.2,0.2,0.2,0.2,0.2,1.2,0.2,1.2,0.2,0.2,0.2,0.2,0.2
k,x,0.2,0.2,0.2,0.2,0.2,1.2,0.2,0.2,0.2,0.2,0.2,0.2,0.2,0.2,0.2,1.2,0.2,0.2,0.2,0.2,0.2,0.2,0.2,0.2,0.2,0.2
k,d,1.2,0.2,0.2,0.2,0.2,1.2,1.2,0.2,0.2,0.2,0.2,1.2,0.2,0.2,0.2,0.2,0.2,0.2,0.2,0.2,1.2,0.2,0.2,0.2,0.2,0.2
k,f,2.2,1.2,0.2,0.2,0.2,2.2,0.2,0.2,0.2,2.2,0.2,1.2,0.2,0.2,0.2,0.2,0.2,1.2,0.2,0.2,0.2,0.2,1.2,0.2,1.2,0.2
k,w,3.2,0.2,0.2,1.2,2.2,2.2,0.2,0.2,1.2,0.2,0.2,1.2,0.2,0.2,0.2,0.2,2.2,0.2,0.2,0.2,1.2,0.2,0.2,0.2,0.2,0.2
k,y,1.2,0.2,1.2,1.2,0.2,9.2,1.2,1.2,0.2,0.2,1.2,1.2,2.2,0.2,0.2,0.2,1.2,0.2,0.2,0.2,1.2,1.2,0.2,0.2,2.2,0.2
k,i,5.2,0.2,4.2,61.2,2.2,0.2,6.2,4.2,0.2,3.2,1.2,0.2,0.2,0.2,7.2,0.2,6.2,0.2,0.2,0.2,1.2,0.2,0.2,0.2,4.2,0.2
k,b,2.2,0.2,0.2,1.2,0.2,1.2,0.2,0.2,0.2,1.2,0.2,5.2,0.2,0.2,0.2,0.2,0.2,0.2,0.2,1.2,3.2,1.2,0.2,0.2,0.2,1.2
k,j,0.2,0.2,0.2,0.2,0.2,0.2,0.2,1.2,0.2,0.2,0.2,3.2,0.2,1.2,0.2,1.2,0.2,0.2,0.2,1.2,0.2,0.2,0.2,0.2,0.2,0.2
k,g,0.2,1.2,0.2,0.2,0.2,1.2,0.2,0.2,0.2,2.2,0.2,1.2,0.2,1.2,0.2,0.2,0.2,0.2,0.2,0.2,0.2,0.2,0.2,0.2,0.2,0.2
k,m,1.2,1.2,0.2,0.2,0.2,1.2,0.2,0.2,0.2,0.2,0.2,2.2,0.2,0.2,0.2,0.2,1.2,0.2,15.2,2.2,0.2,0.2,0.2,0.2,0.2,1.2
k,p,1.2,0.2,0.2,0.2,0.2,0.2,0.2,2.2,0.2,2.2,0.2,1.2,0.2,0.2,0.2,1.2,0.2,0.2,0.2,0.2,0.2,0.2,0.2,0.2,1.2,0.2
e,a,5.2,15.2,17.2,55.2,10.2,0.2,101.2,41.2,0.2,58.2,11.2,1.2,1.2,5.2,43.2,0.2,26.2,4.2,4.2,0.2,2.2,6.2,1.2,8.2,35.2,5.2
e,u,0.2,0.2,2.2,3.2,1.2,0.2,7.2,0.2,0.2,8.2,2.2,2.2,1.2,0.2,1.2,1.2,1.2,1.2,0.2,0.2,0.2,2.2,0.2,1.2,4.2,8.2
e,c,34.2,6.2,2.2,0.2,7.2,30.2,1.2,2.2,0.2,11.2,3.2,4.2,0.2,0.2,15.2,0.2,0.2,0.2,1.2,0.2,10.2,1.2,0.2,0.2,0.2,1.2
e,n,31.2,4.2,15.2,10.2,10.2,18.2,17.2,3.2,1.2,1.2,4.2,41.2,1.2,2.2,60.2,1.2,56.2,4.2,4.2,9.2,23.2,7.2,7.2,9.2,6.2,3.2
e,h,20.2,1.2,0.2,0.2,2.2,5.2,1.2,0.2,0.2,1.2,0.2,19.2,0.2,0.2,54.2,0.2,0.2,0.2,1.2,1.2,6.2,0.2,0.2,0.2,0.2,0.2
e,o,0.2,5.2,0.2,30.2,2.2,1.2,3.2,0.2,1.2,8.2,2.2,0.2,0.2,2.2,3.2,0.2,2.2,22.2,0.2,0.2,2.2,1.2,1.2,2.2,1.2,20.2
e,s,36.2,13.2,12.2,14.2,27.2,32.2,64.2,6.2,0.2,6.2,6.2,22.2,0.2,1.2,87.2,1.2,9.2,4.2,8.2,5.2,29.2,9.2,2.2,5.2,6.2,19.2
e,l,45.2,0.2,8.2,0.2,1.2,53.2,11.2,64.2,0.2,7.2,0.2,34.2,0.2,1.2,9.2,0.2,2.2,12.2,1.2,19.2,83.2,4.2,0.2,2.2,6.2,20.2
e,q,0.2,2.2,0.2,1.2,1.2,1.2,0.2,0.2,0.2,0.2,0.2,0.2,0.2,0.2,0.2,0.2,1.2,0.2,0.2,0.2,0.2,0.2,0.2,0.2,0.2,0.2
e,r,36.2,4.2,7.2,15.2,19.2,32.2,67.2,15.2,1.2,21.2,12.2,128.2,3.2,8.2,47.2,2.2,16.2,29.2,9.2,35.2,26.2,20.2,58.2,12.2,24.2,9.2
e,k,1.2,1.2,1.2,6.2,1.2,2.2,4.2,0.2,0.2,0.2,0.2,9.2,0.2,0.2,1.2,0.2,0.2,1.2,0.2,0.2,1.2,3.2,1.2,1.2,1.2,0.2
e,e,7.2,0.2,6.2,33.2,1.2,3.2,6.2,26.2,0.2,7.2,12.2,54.2,0.2,11.2,53.2,4.2,22.2,4.2,1.2,8.2,56.2,3.2,1.2,2.2,6.2,22.2
e,z,3.2,19.2,0.2,0.2,2.2,1.2,2.2,1.2,0.2,0.2,0.2,2.2,3.2,1.2,0.2,0.2,0.2,3.2,0.2,0.2,0.2,0.2,0.2,0.2,0.2,0.2
e,v,9.2,0.2,0.2,0.2,0.2,4.2,3.2,0.2,0.2,0.2,0.2,91.2,0.2,1.2,0.2,1.2,1.2,0.2,0.2,0.2,10.2,0.2,1.2,0.2,1.2,0.2
e,t,17.2,3.2,3.2,0.2,83.2,39.2,19.2,4.2,0.2,15.2,0.2,15.2,1.2,1.2,26.2,2.2,2.2,1.2,4.2,9.2,11.2,4.2,5.2,2.2,27.2,2.2
e,x,3.2,0.2,4.2,1.2,5.2,0.2,0.2,0.2,0.2,2.2,0.2,0.2,0.2,0.2,9.2,3.2,2.2,0.2,2.2,1.2,1.2,0.2,0.2,0.2,0.2,8.2
e,d,30.2,5.2,3.2,5.2,8.2,24.2,6.2,5.2,0.2,6.2,0.2,9.2,0.2,0.2,21.2,0.2,5.2,3.2,6.2,5.2,27.2,7.2,0.2,0.2,3.2,1.2
e,f,7.2,11.2,1.2,0.2,2.2,41.2,3.2,1.2,0.2,9.2,0.2,3.2,1.2,0.2,5.2,0.2,0.2,2.2,0.2,0.2,7.2,1.2,0.2,0.2,0.2,0.2
e,w,21.2,0.2,0.2,1.2,10.2,19.2,16.2,0.2,0.2,3.2,0.2,11.2,0.2,0.2,1.2,0.2,3.2,1.2,1.2,0.2,28.2,4.2,4.2,2.2,0.2,1.2
e,y,9.2,1.2,2.2,1.2,8.2,87.2,16.2,0.2,0.2,5.2,2.2,11.2,0.2,0.2,2.2,1.2,5.2,3.2,2.2,1.2,1.2,2.2,1.2,2.2,0.2,2.2
e,i,3.2,1.2,5.2,52.2,4.2,0.2,37.2,5.2,0.2,13.2,0.2,1.2,1.2,1.2,71.2,0.2,9.2,5.2,2.2,0.2,0.2,1.2,0.2,2.2,17.2,1.2
e,b,31.2,16.2,1.2,1.2,1.2,13.2,3.2,2.2,0.2,10.2,0.2,183.2,1.2,0.2,0.2,0.2,0.2,1.2,0.2,3.2,3.2,3.2,0.2,0.2,1.2,0.2
e,j,7.2,31.2,0.2,0.2,0.2,1.2,1.2,0.2,0.2,0.2,0.2,2.2,0.2,0.2,0.2,0.2,0.2,0.2,0.2,0.2,1.2,2.2,0.2,1.2,0.2,0.2
e,g,11.2,6.2,0.2,0.2,0.2,16.2,0.2,0.2,1.2,7.2,1.2,2.2,0.2,0.2,1.2,0.2,0.2,0.2,0.2,2.2,20.2,0.2,0.2,0.2,0.2,0.2
e,m,20.2,2.2,0.2,0.2,1.2,33.2,5.2,0.2,0.2,0.2,0.2,32.2,0.2,2.2,4.2,1.2,0.2,0.2,2.2,18.2,14.2,6.2,0.2,1.2,3.2,13.2
e,p,12.2,4.2,0.2,1.2,5.2,8.2,4.2,39.2,1.2,13.2,0.2,9.2,0.2,0.2,3.2,0.2,2.2,0.2,0.2,2.2,16.2,3.2,0.2,0.2,2.2,4.2
z,a,0.2,0.2,1.2,2.2,4.2,0.2,2.2,1.2,0.2,9.2,1.2,0.2,1.2,1.2,0.2,0.2,1.2,0.2,0.2,2.2,0.2,0.2,1.2,0.2,0.2,0.2
z,u,0.2,0.2,0.2,1.2,0.2,0.2,1.2,0.2,0.2,3.2,1.2,20.2,0.2,0.2,1.2,0.2,0.2,0.2,1.2,0.2,0.2,2.2,1.2,0.2,0.2,0.2
z,c,0.2,0.2,0.2,0.2,0.2,0.2,0.2,0.2,0.2,0.2,0.2,0.2,0.2,0.2,0.2,0.2,0.2,0.2,0.2,0.2,0.2,0.2,0.2,0.2,0.2,1.2
z,n,0.2,0.2,0.2,0.2,0.2,0.2,0.2,0.2,0.2,1.2,0.2,0.2,0.2,0.2,0.2,1.2,0.2,0.2,1.2,0.2,0.2,0.2,0.2,0.2,0.2,0.2
z,h,1.2,0.2,0.2,0.2,0.2,0.2,0.2,1.2,0.2,0.2,0.2,1.2,0.2,0.2,1.2,0.2,0.2,0.2,0.2,0.2,2.2,0.2,0.2,0.2,0.2,0.2
z,o,0.2,0.2,0.2,4.2,1.2,3.2,0.2,1.2,0.2,1.2,1.2,0.2,0.2,0.2,1.2,0.2,0.2,0.2,0.2,0.2,0.2,0.2,0.2,0.2,2.2,0.2
z,s,0.2,0.2,0.2,0.2,0.2,0.2,0.2,0.2,0.2,0.2,0.2,1.2,0.2,0.2,0.2,1.2,0.2,0.2,1.2,0.2,0.2,1.2,0.2,0.2,0.2,0.2
z,l,1.2,1.2,0.2,0.2,0.2,2.2,0.2,0.2,0.2,0.2,0.2,16.2,0.2,0.2,0.2,0.2,0.2,1.2,1.2,1.2,2.2,0.2,0.2,0.2,1.2,0.2
z,q,1.2,0.2,0.2,0.2,0.2,0.2,0.2,0.2,0.2,0.2,0.2,0.2,0.2,0.2,0.2,0.2,0.2,0.2,0.2,1.2,0.2,0.2,0.2,0.2,0.2,1.2
z,r,0.2,0.2,0.2,0.2,0.2,0.2,0.2,0.2,0.2,0.2,0.2,0.2,0.2,0.2,31.2,0.2,0.2,0.2,1.2,0.2,0.2,0.2,0.2,0.2,0.2,0.2
z,k,0.2,0.2,0.2,0.2,1.2,0.2,0.2,0.2,0.2,0.2,0.2,1.2,0.2,0.2,0.2,0.2,0.2,0.2,1.2,0.2,0.2,0.2,0.2,0.2,0.2,0.2
z,e,0.2,0.2,0.2,2.2,0.2,0.2,0.2,0.2,0.2,1.2,0.2,0.2,2.2,0.2,0.2,0.2,2.2,0.2,1.2,0.2,1.2,0.2,1.2,0.2,2.2,0.2
z,z,0.2,0.2,0.2,0.2,0.2,2.2,0.2,17.2,0.2,0.2,0.2,0.2,7.2,1.2,1.2,0.2,0.2,0.2,0.2,0.2,0.2,0.2,1.2,0.2,0.2,1.2
z,v,0.2,0.2,0.2,0.2,0.2,0.2,1.2,0.2,0.2,0.2,0.2,1.2,0.2,2.2,0.2,0.2,0.2,0.2,0.2,0.2,0.2,0.2,0.2,0.2,0.2,1.2
z,t,0.2,0.2,0.2,0.2,0.2,3.2,0.2,0.2,0.2,0.2,0.2,0.2,0.2,0.2,0.2,0.2,0.2,2.2,0.2,0.2,0.2,0.2,0.2,0.2,0.2,0.2
z,x,0.2,1.2,0.2,0.2,0.2,1.2,0.2,1.2,0.2,0.2,0.2,0.2,0.2,0.2,0.2,1.2,0.2,0.2,0.2,0.2,0.2,1.2,0.2,0.2,0.2,0.2
z,d,0.2,0.2,0.2,0.2,0.2,1.2,2.2,0.2,0.2,0.2,0.2,1.2,0.2,0.2,1.2,0.2,0.2,0.2,0.2,1.2,1.2,0.2,0.2,0.2,0.2,0.2
z,f,1.2,0.2,0.2,0.2,0.2,1.2,0.2,0.2,0.2,1.2,0.2,0.2,0.2,0.2,0.2,0.2,0.2,0.2,0.2,2.2,0.2,0.2,0.2,0.2,1.2,0.2
z,w,0.2,0.2,0.2,0.2,0.2,0.2,1.2,0.2,0.2,0.2,0.2,0.2,1.2,0.2,0.2,0.2,0.2,0.2,0.2,0.2,0.2,0.2,0.2,0.2,1.2,0.2
z,y,1.2,0.2,0.2,0.2,1.2,0.2,0.2,0.2,0.2,1.2,0.2,0.2,0.2,0.2,5.2,0.2,0.2,0.2,0.2,0.2,2.2,0.2,0.2,1.2,1.2,0.2
z,i,1.2,0.2,0.2,8.2,0.2,0.2,1.2,1.2,0.2,1.2,0.2,1.2,0.2,0.2,1.2,0.2,0.2,1.2,0.2,0.2,0.2,0.2,0.2,1.2,1.2,0.2
z,b,2.2,0.2,0.2,0.2,0.2,0.2,1.2,0.2,0.2,0.2,0.2,0.2,0.2,0.2,0.2,0.2,0.2,0.2,1.2,0.2,0.2,0.2,0.2,0.2,0.2,0.2
z,j,0.2,1.2,1.2,0.2,0.2,0.2,0.2,0.2,0.2,0.2,0.2,1.2,0.2,0.2,0.2,0.2,0.2,0.2,0.2,0.2,0.2,0.2,0.2,0.2,1.2,1.2
z,g,0.2,0.2,0.2,0.2,1.2,1.2,1.2,0.2,1.2,0.2,0.2,0.2,1.2,0.2,1.2,0.2,0.2,0.2,2.2,0.2,1.2,0.2,0.2,0.2,0.2,0.2
z,m,1.2,0.2,1.2,1.2,0.2,2.2,1.2,0.2,0.2,0.2,0.2,0.2,0.2,2.2,0.2,1.2,0.2,0.2,0.2,0.2,2.2,0.2,0.2,0.2,0.2,0.2
z,p,1.2,0.2,1.2,0.2,1.2,0.2,0.2,0.2,1.2,1.2,0.2,0.2,0.2,0.2,0.2,0.2,0.2,0.2,0.2,0.2,0.2,0.2,0.2,0.2,1.2,0.2
v,a,2.2,0.2,1.2,3.2,1.2,1.2,5.2,13.2,0.2,2.2,0.2,2.2,0.2,1.2,7.2,0.2,2.2,0.2,0.2,2.2,4.2,0.2,0.2,1.2,4.2,1.2
v,u,1.2,0.2,0.2,1.2,0.2,0.2,0.2,1.2,0.2,0.2,1.2,0.2,0.2,0.2,0.2,0.2,0.2,0.2,0.2,0.2,0.2,0.2,0.2,0.2,0.2,0.2
v,c,0.2,0.2,0.2,0.2,0.2,0.2,0.2,0.2,0.2,0.2,0.2,0.2,0.2,0.2,0.2,0.2,0.2,0.2,0.2,0.2,0.2,1.2,0.2,0.2,0.2,0.2
v,n,0.2,0.2,0.2,0.2,0.2,0.2,0.2,0.2,1.2,0.2,0.2,0.2,0.2,0.2,0.2,0.2,0.2,0.2,0.2,0.2,0.2,0.2,0.2,1.2,0.2,0.2
v,h,0.2,1.2,0.2,0.2,0.2,0.2,0.2,0.2,0.2,0.2,0.2,0.2,0.2,0.2,0.2,0.2,1.2,0.2,2.2,0.2,0.2,0.2,0.2,0.2,0.2,0.2
v,o,1.2,2.2,0.2,0.2,0.2,0.2,0.2,6.2,1.2,0.2,1.2,0.2,0.2,0.2,10.2,0.2,0.2,0.2,0.2,1.2,0.2,0.2,0.2,0.2,0.2,0.2
v,s,2.2,0.2,2.2,0.2,0.2,0.2,0.2,0.2,0.2,0.2,0.2,2.2,0.2,0.2,1.2,0.2,0.2,1.2,0.2,2.2,1.2,3.2,0.2,0.2,2.2,1.2
v,l,0.2,0.2,0.2,0.2,1.2,0.2,0.2,0.2,0.2,0.2,0.2,0.2,0.2,0.2,0.2,0.2,0.2,0.2,0.2,0.2,0.2,0.2,0.2,0.2,0.2,0.2
v,q,0.2,0.2,0.2,0.2,0.2,0.2,0.2,0.2,0.2,1.2,0.2,1.2,0.2,0.2,0.2,0.2,0.2,0.2,0.2,0.2,0.2,0.2,0.2,1.2,0.2,0.2
v,r,1.2,0.2,0.2,0.2,0.2,1.2,2.2,0.2,0.2,0.2,0.2,0.2,1.2,0.2,0.2,0.2,0.2,0.2,0.2,0.2,0.2,0.2,0.2,0.2,0.2,0.2
v,k,1.2,1.2,1.2,1.2,0.2,0.2,0.2,1.2,0.2,0.2,0.2,0.2,0.2,0.2,0.2,0.2,0.2,0.2,0.2,0.2,0.2,1.2,0.2,1.2,0.2,0.2
v,e,14.2,12.2,5.2,46.2,14.2,2.2,17.2,28.2,0.2,91.2,1.2,6.2,0.2,0.2,15.2,2.2,9.2,2.2,2.2,42.2,15.2,10.2,3.2,2.2,9.2,3.2
v,z,0.2,1.2,0.2,1.2,0.2,0.2,0.2,0.2,0.2,0.2,0.2,0.2,0.2,0.2,0.2,0.2,0.2,0.2,0.2,1.2,0.2,0.2,0.2,0.2,0.2,0.2
v,v,1.2,0.2,0.2,0.2,0.2,0.2,1.2,0.2,1.2,0.2,1.2,1.2,2.2,0.2,0.2,0.2,0.2,0.2,0.2,0.2,0.2,0.2,0.2,0.2,0.2,0.2
v,t,1.2,0.2,0.2,0.2,1.2,1.2,1.2,0.2,0.2,0.2,0.2,0.2,0.2,0.2,0.2,0.2,0.2,0.2,0.2,0.2,1.2,0.2,0.2,0.2,0.2,0.2
v,x,0.2,1.2,0.2,0.2,0.2,0.2,0.2,0.2,0.2,0.2,2.2,0.2,0.2,0.2,0.2,0.2,0.2,0.2,0.2,0.2,1.2,0.2,0.2,0.2,0.2,0.2
v,d,0.2,0.2,0.2,0.2,0.2,1.2,0.2,0.2,0.2,0.2,0.2,4.2,0.2,0.2,0.2,0.2,0.2,0.2,0.2,0.2,0.2,0.2,0.2,0.2,0.2,0.2
v,f,1.2,0.2,0.2,0.2,0.2,0.2,0.2,0.2,0.2,0.2,0.2,0.2,0.2,0.2,0.2,0.2,1.2,0.2,0.2,0.2,0.2,0.2,0.2,0.2,0.2,0.2
v,w,0.2,0.2,0.2,0.2,0.2,1.2,1.2,0.2,0.2,1.2,0.2,1.2,0.2,1.2,0.2,0.2,0.2,34.2,0.2,0.2,0.2,0.2,0.2,0.2,0.2,0.2
v,y,0.2,0.2,0.2,0.2,1.2,0.2,0.2,0.2,0.2,1.2,0.2,0.2,0.2,0.2,1.2,0.2,0.2,0.2,0.2,0.2,0.2,0.2,0.2,0.2,0.2,0.2
v,i,5.2,0.2,6.2,13.2,0.2,3.2,10.2,3.2,0.2,2.2,0.2,14.2,0.2,0.2,3.2,0.2,7.2,0.2,0.2,0.2,0.2,1.2,0.2,0.2,1.2,0.2
v,b,0.2,0.2,0.2,0.2,0.2,0.2,0.2,0.2,0.2,1.2,0.2,0.2,0.2,0.2,0.2,1.2,0.2,0.2,0.2,0.2,1.2,0.2,0.2,0.2,0.2,1.2
v,j,0.2,0.2,0.2,0.2,0.2,1.2,0.2,0.2,0.2,0.2,0.2,0.2,0.2,0.2,0.2,0.2,0.2,0.2,1.2,0.2,0.2,0.2,1.2,0.2,0.2,0.2
v,g,0.2,0.2,0.2,0.2,0.2,2.2,0.2,0.2,0.2,0.2,0.2,0.2,0.2,0.2,0.2,0.2,0.2,0.2,0.2,0.2,0.2,0.2,0.2,0.2,0.2,0.2
v,m,1.2,0.2,0.2,0.2,0.2,0.2,0.2,0.2,0.2,1.2,0.2,0.2,0.2,0.2,0.2,0.2,1.2,1.2,0.2,0.2,1.2,0.2,0.2,0.2,0.2,0.2
v,p,0.2,0.2,0.2,0.2,0.2,0.2,1.2,0.2,0.2,1.2,0.2,0.2,0.2,0.2,0.2,1.2,0.2,0.2,0.2,0.2,2.2,0.2,0.2,1.2,0.2,0.2
t,a,3.2,2.2,15.2,48.2,6.2,1.2,15.2,50.2,1.2,31.2,21.2,2.2,2.2,1.2,17.2,1.2,1.2,1.2,6.2,6.2,18.2,19.2,0.2,10.2,2.2,4.2
t,u,6.2,0.2,2.2,1.2,1.2,0.2,6.2,3.2,0.2,16.2,0.2,3.2,1.2,0.2,0.2,0.2,3.2,2.2,0.2,0.2,0.2,1.2,1.2,3.2,1.2,4.2
t,c,11.2,2.2,1.2,0.2,23.2,359.2,0.2,3.2,0.2,3.2,0.2,0.2,0.2,0.2,0.2,0.2,0.2,0.2,0.2,1.2,1.2,0.2,0.2,0.2,0.2,0.2
t,n,3.2,0.2,0.2,0.2,0.2,11.2,0.2,0.2,0.2,0.2,0.2,5.2,0.2,0.2,1.2,0.2,1.2,0.2,0.2,1.2,6.2,0.2,0.2,0.2,0.2,0.2
t,h,108.2,13.2,3.2,2.2,4.2,19.2,9.2,3.2,1.2,5.2,3.2,383.2,0.2,2.2,22.2,0.2,26.2,4.2,5.2,12.2,135.2,3.2,0.2,1.2,12.2,3.2
t,o,12.2,13.2,13.2,34.2,8.2,23.2,32.2,7.2,0.2,16.2,6.2,8.2,0.2,0.2,22.2,0.2,29.2,29.2,10.2,4.2,3.2,13.2,5.2,10.2,38.2,13.2
t,s,13.2,5.2,6.2,6.2,11.2,10.2,6.2,3.2,1.2,2.2,6.2,12.2,0.2,2.2,24.2,1.2,3.2,4.2,19.2,1.2,5.2,20.2,4.2,7.2,4.2,6.2
t,l,7.2,0.2,1.2,1.2,0.2,7.2,0.2,1.2,0.2,0.2,1.2,19.2,0.2,1.2,1.2,0.2,0.2,0.2,0.2,3.2,8.2,0.2,0.2,0.2,0.2,0.2
t,q,1.2,1.2,0.2,0.2,0.2,0.2,0.2,0.2,0.2,0.2,0.2,0.2,0.2,0.2,1.2,0.2,2.2,0.2,0.2,0.2,0.2,0.2,0.2,0.2,0.2,0.2
t,r,36.2,24.2,0.2,0.2,0.2,15.2,0.2,0.2,0.2,0.2,0.2,24.2,0.2,0.2,4.2,0.2,1.2,0.2,0.2,12.2,23.2,0.2,0.2,1.2,0.2,0.2
t,k,0.2,0.2,1.2,11.2,0.2,0.2,1.2,0.2,0.2,0.2,0.2,1.2,33.2,0.2,0.2,0.2,0.2,0.2,0.2,0.2,1.2,0.2,1.2,0.2,0.2,0.2
t,e,28.2,1.2,2.2,16.2,3.2,3.2,20.2,31.2,0.2,63.2,2.2,4.2,0.2,14.2,3.2,4.2,27.2,2.2,5.2,2.2,5.2,5.2,1.2,1.2,12.2,8.2
t,z,5.2,3.2,0.2,0.2,1.2,0.2,0.2,3.2,0.2,0.2,0.2,1.2,0.2,0.2,0.2,0.2,0.2,1.2,0.2,0.2,1.2,1.2,0.2,1.2,0.2,1.2
t,v,1.2,0.2,0.2,0.2,0.2,0.2,0.2,0.2,0.2,2.2,0.2,3.2,0.2,0.2,1.2,0.2,3.2,0.2,0.2,1.2,2.2,1.2,0.2,0.2,0.2,1.2
t,t,11.2,0.2,0.2,0.2,72.2,43.2,1.2,11.2,0.2,8.2,0.2,30.2,0.2,1.2,1.2,1.2,0.2,0.2,3.2,6.2,16.2,1.2,1.2,1.2,0.2,347.2
t,x,2.2,0.2,0.2,0.2,1.2,0.2,0.2,0.2,0.2,0.2,0.2,2.2,0.2,1.2,0.2,0.2,0.2,0.2,0.2,1.2,0.2,1.2,0.2,0.2,1.2,0.2
t,d,12.2,0.2,0.2,0.2,1.2,9.2,0.2,1.2,0.2,3.2,0.2,6.2,0.2,0.2,0.2,0.2,0.2,1.2,0.2,0.2,6.2,3.2,0.2,0.2,0.2,0.2
t,f,3.2,2.2,0.2,0.2,0.2,14.2,0.2,0.2,0.2,6.2,0.2,4.2,1.2,0.2,0.2,0.2,1.2,0.2,0.2,0.2,10.2,0.2,0.2,0.2,0.2,0.2
t,w,22.2,0.2,0.2,0.2,4.2,8.2,0.2,0.2,0.2,1.2,0.2,31.2,0.2,0.2,0.2,0.2,0.2,2.2,0.2,0.2,16.2,0.2,0.2,0.2,0.2,0.2
t,y,1.2,0.2,0.2,0.2,6.2,28.2,1.2,9.2,0.2,1.2,2.2,0.2,0.2,1.2,2.2,0.2,0.2,1.2,0.2,1.2,2.2,2.2,0.2,2.2,2.2,2.2
t,i,6.2,2.2,15.2,240.2,2.2,35.2,19.2,14.2,1.2,6.2,1.2,5.2,0.2,5.2,13.2,1.2,5.2,15.2,3.2,0.2,2.2,1.2,0.2,8.2,49.2,3.2
t,b,13.2,4.2,2.2,0.2,0.2,1.2,0.2,0.2,0.2,8.2,0.2,24.2,0.2,1.2,2.2,0.2,0.2,0.2,0.2,2.2,4.2,0.2,0.2,0.2,0.2,0.2
t,j,3.2,25.2,0.2,0.2,0.2,5.2,0.2,0.2,1.2,1.2,0.2,1.2,0.2,0.2,0.2,0.2,1.2,0.2,0.2,0.2,0.2,0.2,0.2,0.2,0.2,0.2
t,g,2.2,1.2,0.2,0.2,0.2,6.2,0.2,0.2,0.2,3.2,0.2,1.2,0.2,0.2,23.2,0.2,0.2,0.2,0.2,2.2,5.2,0.2,0.2,0.2,0.2,1.2
t,m,35.2,2.2,0.2,0.2,1.2,11.2,0.2,0.2,0.2,1.2,0.2,14.2,0.2,0.2,0.2,1.2,0.2,0.2,0.2,7.2,2.2,0.2,0.2,0.2,0.2,1.2
t,p,8.2,0.2,0.2,0.2,3.2,13.2,57.2,41.2,0.2,3.2,0.2,3.2,0.2,0.2,290.2,0.2,0.2,1.2,0.2,1.2,0.2,0.2,0.2,0.2,0.2,1.2
x,a,0.2,1.2,2.2,0.2,2.2,0.2,2.2,1.2,0.2,2.2,0.2,0.2,1.2,0.2,0.2,0.2,0.2,0.2,0.2,0.2,0.2,0.2,0.2,1.2,0.2,0.2
x,u,0.2,0.2,0.2,0.2,1.2,1.2,1.2,0.2,1.2,0.2,0.2,0.2,0.2,0.2,1.2,0.2,0.2,0.2,0.2,0.2,0.2,0.2,0.2,0.2,0.2,0.2
x,c,0.2,0.2,0.2,0.2,0.2,0.2,0.2,0.2,0.2,0.2,0.2,2.2,0.2,0.2,0.2,0.2,0.2,1.2,0.2,0.2,4.2,0.2,1.2,1.2,0.2,3.2
x,n,0.2,0.2,0.2,0.2,0.2,0.2,0.2,0.2,2.2,0.2,0.2,0.2,0.2,2.2,1.2,0.2,0.2,0.2,0.2,0.2,0.2,0.2,0.2,0.2,0.2,0.2
x,h,2.2,0.2,0.2,1.2,1.2,0.2,0.2,0.2,0.2,0.2,0.2,1.2,0.2,0.2,3.2,0.2,2.2,0.2,0.2,0.2,1.2,0.2,0.2,1.2,0.2,0.2
x,o,0.2,0.2,0.2,0.2,2.2,0.2,0.2,0.2,0.2,1.2,0.2,0.2,1.2,0.2,0.2,0.2,0.2,0.2,0.2,0.2,0.2,0.2,0.2,0.2,0.2,0.2
x,s,1.2,1.2,0.2,0.2,0.2,0.2,0.2,0.2,0.2,0.2,0.2,0.2,0.2,0.2,0.2,0.2,0.2,0.2,3.2,0.2,0.2,0.2,1.2,0.2,0.2,1.2
x,l,0.2,0.2,0.2,0.2,0.2,1.2,0.2,0.2,0.2,0.2,1.2,0.2,0.2,0.2,0.2,1.2,0.2,0.2,0.2,0.2,0.2,0.2,0.2,0.2,0.2,0.2
x,q,0.2,0.2,0.2,0.2,0.2,0.2,0.2,0.2,0.2,0.2,0.2,0.2,0.2,0.2,0.2,0.2,0.2,0.2,1.2,0.2,0.2,1.2,0.2,0.2,0.2,0.2
x,r,0.2,0.2,0.2,0.2,0.2,0.2,1.2,0.2,0.2,0.2,0.2,0.2,0.2,0.2,0.2,0.2,1.2,0.2,0.2,0.2,0.2,0.2,1.2,1.2,0.2,0.2
x,k,1.2,0.2,0.2,0.2,0.2,0.2,0.2,0.2,0.2,0.2,0.2,0.2,0.2,0.2,0.2,0.2,0.2,0.2,1.2,0.2,0.2,1.2,0.2,0.2,0.2,0.2
x,e,1.2,0.2,1.2,2.2,0.2,0.2,0.2,1.2,0.2,0.2,0.2,0.2,1.2,0.2,0.2,1.2,0.2,0.2,0.2,0.2,1.2,0.2,0.2,0.2,2.2,0.2
x,z,0.2,0.2,0.2,0.2,0.2,0.2,0.2,0.2,1.2,0.2,0.2,0.2,0.2,0.2,1.2,0.2,0.2,0.2,0.2,0.2,0.2,0.2,0.2,0.2,0.2,0.2
x,v,0.2,0.2,0.2,1.2,0.2,1.2,0.2,0.2,0.2,0.2,1.2,0.2,0.2,0.2,0.2,0.2,0.2,0.2,0.2,0.2,0.2,0.2,0.2,0.2,0.2,0.2
x,t,0.2,0.2,0.2,0.2,2.2,0.2,1.2,1.2,1.2,2.2,0.2,2.2,0.2,1.2,0.2,0.2,0.2,0.2,3.2,0.2,0.2,0.2,0.2,1.2,0.2,0.2
x,x,2.2,0.2,0.2,1.2,2.2,0.2,0.2,0.2,1.2,0.2,0.2,0.2,0.2,0.2,0.2,8.2,0.2,0.2,1.2,0.2,1.2,0.2,0.2,0.2,0.2,0.2
x,d,0.2,0.2,0.2,0.2,0.2,0.2,0.2,0.2,0.2,1.2,0.2,0.2,0.2,0.2,0.2,0.2,1.2,0.2,1.2,0.2,1.2,0.2,0.2,0.2,1.2,0.2
x,f,0.2,0.2,0.2,0.2,0.2,1.2,1.2,0.2,0.2,1.2,0.2,0.2,0.2,0.2,0.2,1.2,0.2,0.2,1.2,0.2,1.2,0.2,0.2,0.2,0.2,0.2
x,w,0.2,0.2,0.2,0.2,0.2,1.2,0.2,0.2,0.2,0.2,0.2,1.2,0.2,0.2,0.2,0.2,0.2,0.2,0.2,0.2,1.2,1.2,1.2,0.2,0.2,0.2
x,y,1.2,1.2,0.2,1.2,0.2,0.2,0.2,0.2,0.2,1.2,0.2,0.2,0.2,0.2,0.2,0.2,1.2,0.2,0.2,0.2,0.2,0.2,0.2,0.2,0.2,0.2
x,i,1.2,0.2,0.2,2.2,2.2,0.2,2.2,1.2,0.2,0.2,0.2,2.2,0.2,0.2,0.2,0.2,0.2,0.2,0.2,0.2,0.2,0.2,0.2,1.2,0.2,0.2
x,b,0.2,2.2,0.2,0.2,0.2,1.2,1.2,0.2,0.2,0.2,0.2,0.2,0.2,0.2,0.2,1.2,0.2,0.2,0.2,0.2,1.2,0.2,0.2,0.2,0.2,0.2
x,j,0.2,0.2,0.2,0.2,0.2,0.2,0.2,1.2,0.2,0.2,0.2,0.2,0.2,0.2,1.2,0.2,0.2,0.2,0.2,0.2,0.2,0.2,0.2,0.2,0.2,1.2
x,g,0.2,0.2,0.2,0.2,0.2,4.2,0.2,0.2,1.2,0.2,0.2,0.2,0.2,0.2,0.2,0.2,0.2,0.2,0.2,0.2,0.2,0.2,0.2,0.2,0.2,0.2
x,m,0.2,1.2,0.2,0.2,0.2,2.2,0.2,0.2,0.2,0.2,0.2,0.2,0.2,0.2,0.2,0.2,0.2,0.2,1.2,0.2,1.2,0.2,0.2,1.2,0.2,0.2
x,p,0.2,0.2,0.2,0.2,0.2,0.2,0.2,2.2,0.2,0.2,0.2,7.2,0.2,0.2,0.2,0.2,0.2,0.2,0.2,0.2,0.2,0.2,0.2,1.2,0.2,0.2
d,a,6.2,2.2,5.2,21.2,4.2,0.2,5.2,9.2,4.2,17.2,0.2,1.2,1.2,2.2,5.2,0.2,11.2,3.2,4.2,128.2,2.2,5.2,0.2,7.2,6.2,12.2
d,u,1.2,0.2,4.2,1.2,0.2,0.2,3.2,1.2,0.2,2.2,2.2,1.2,0.2,0.2,1.2,0.2,0.2,1.2,0.2,0.2,0.2,0.2,0.2,0.2,0.2,1.2
d,c,4.2,5.2,0.2,1.2,3.2,4.2,1.2,2.2,0.2,3.2,0.2,0.2,0.2,1.2,0.2,1.2,0.2,0.2,0.2,0.2,0.2,0.2,0.2,0.2,0.2,0.2
d,n,3.2,0.2,0.2,0.2,0.2,5.2,0.2,0.2,1.2,0.2,0.2,5.2,0.2,0.2,8.2,0.2,0.2,0.2,0.2,0.2,9.2,0.2,0.2,0.2,0.2,0.2
d,h,9.2,1.2,0.2,0.2,0.2,3.2,1.2,0.2,0.2,0.2,0.2,6.2,0.2,0.2,17.2,0.2,0.2,0.2,0.2,0.2,4.2,0.2,0.2,1.2,0.2,0.2
d,o,4.2,6.2,3.2,50.2,4.2,3.2,18.2,3.2,0.2,9.2,2.2,10.2,1.2,2.2,3.2,0.2,0.2,12.2,13.2,7.2,6.2,3.2,0.2,2.2,23.2,1.2
d,s,6.2,3.2,1.2,1.2,5.2,5.2,1.2,0.2,0.2,1.2,0.2,7.2,0.2,0.2,10.2,0.2,1.2,3.2,1.2,0.2,3.2,4.2,0.2,0.2,0.2,3.2
d,l,3.2,7.2,0.2,0.2,0.2,4.2,0.2,0.2,0.2,0.2,0.2,8.2,0.2,0.2,0.2,0.2,0.2,0.2,0.2,0.2,6.2,0.2,1.2,0.2,1.2,0.2
d,q,0.2,1.2,1.2,0.2,0.2,0.2,0.2,0.2,0.2,0.2,0.2,0.2,0.2,0.2,0.2,0.2,0.2,0.2,0.2,0.2,0.2,1.2,0.2,0.2,0.2,1.2
d,r,13.2,2.2,1.2,1.2,0.2,9.2,0.2,0.2,0.2,0.2,0.2,27.2,0.2,0.2,1.2,0.2,0.2,0.2,0.2,2.2,8.2,1.2,0.2,0.2,1.2,0.2
d,k,0.2,0.2,0.2,0.2,0.2,1.2,1.2,0.2,1.2,0.2,0.2,0.2,1.2,0.2,0.2,0.2,0.2,0.2,0.2,0.2,0.2,0.2,0.2,0.2,0.2,0.2
d,e,10.2,2.2,4.2,16.2,3.2,8.2,17.2,22.2,0.2,20.2,0.2,5.2,0.2,6.2,1.2,1.2,7.2,5.2,6.2,1.2,8.2,6.2,0.2,6.2,13.2,12.2
d,z,1.2,0.2,0.2,0.2,0.2,0.2,0.2,0.2,0.2,0.2,0.2,0.2,0.2,1.2,0.2,0.2,2.2,0.2,0.2,0.2,1.2,0.2,0.2,1.2,1.2,0.2
d,v,0.2,0.2,0.2,0.2,0.2,0.2,1.2,0.2,0.2,0.2,0.2,2.2,0.2,0.2,1.2,0.2,0.2,0.2,0.2,0.2,2.2,0.2,0.2,0.2,1.2,0.2
d,t,3.2,0.2,0.2,0.2,33.2,22.2,1.2,0.2,0.2,4.2,0.2,1.2,0.2,0.2,0.2,0.2,0.2,0.2,1.2,1.2,0.2,0.2,1.2,0.2,0.2,0.2
d,x,0.2,1.2,0.2,0.2,0.2,0.2,0.2,0.2,0.2,0.2,0.2,0.2,0.2,0.2,0.2,0.2,1.2,0.2,0.2,0.2,0.2,0.2,0.2,0.2,0.2,0.2
d,d,8.2,1.2,0.2,0.2,2.2,1.2,0.2,1.2,0.2,3.2,0.2,5.2,0.2,2.2,0.2,0.2,15.2,0.2,0.2,1.2,7.2,0.2,1.2,1.2,2.2,0.2
d,f,4.2,1.2,1.2,0.2,0.2,3.2,0.2,2.2,0.2,3.2,0.2,1.2,0.2,1.2,0.2,0.2,0.2,0.2,0.2,0.2,2.2,0.2,0.2,0.2,0.2,0.2
d,w,1.2,0.2,0.2,0.2,7.2,1.2,1.2,0.2,0.2,0.2,0.2,8.2,1.2,0.2,0.2,0.2,0.2,1.2,0.2,0.2,6.2,0.2,0.2,0.2,0.2,0.2
d,y,1.2,0.2,2.2,1.2,3.2,10.2,2.2,0.2,1.2,0.2,2.2,1.2,0.2,0.2,5.2,0.2,0.2,7.2,1.2,0.2,3.2,4.2,0.2,3.2,0.2,1.2
d,i,10.2,1.2,9.2,20.2,3.2,3.2,21.2,5.2,0.2,1.2,1.2,25.2,0.2,3.2,13.2,0.2,24.2,6.2,3.2,0.2,1.2,1.2,1.2,4.2,6.2,0.2
d,b,6.2,3.2,0.2,0.2,1.2,4.2,1.2,1.2,0.2,0.2,0.2,6.2,0.2,0.2,0.2,0.2,1.2,1.2,0.2,4.2,2.2,0.2,1.2,0.2,1.2,0.2
d,j,0.2,5.2,3.2,0.2,1.2,4.2,0.2,0.2,0.2,0.2,0.2,0.2,1.2,0.2,0.2,0.2,0.2,0.2,0.2,0.2,1.2,0.2,0.2,0.2,0.2,0.2
d,g,0.2,0.2,0.2,0.2,1.2,4.2,0.2,0.2,2.2,1.2,0.2,5.2,0.2,1.2,1.2,0.2,0.2,0.2,0.2,0.2,2.2,0.2,0.2,0.2,0.2,0.2
d,m,6.2,2.2,0.2,0.2,0.2,8.2,1.2,0.2,0.2,0.2,1.2,8.2,0.2,3.2,0.2,0.2,0.2,0.2,1.2,1.2,2.2,0.2,0.2,0.2,0.2,1.2
d,p,2.2,1.2,1.2,0.2,0.2,2.2,0.2,2.2,0.2,2.2,0.2,1.2,0.2,0.2,0.2,1.2,0.2,0.2,0.2,0.2,1.2,0.2,0.2,0.2,0.2,0.2
f,a,0.2,1.2,13.2,7.2,1.2,1.2,3.2,9.2,0.2,12.2,2.2,0.2,0.2,2.2,0.2,0.2,2.2,0.2,0.2,1.2,10.2,2.2,0.2,0.2,12.2,2.2
f,u,0.2,1.2,16.2,10.2,0.2,0.2,1.2,19.2,0.2,1.2,2.2,0.2,0.2,0.2,0.2,0.2,1.2,0.2,1.2,0.2,0.2,0.2,0.2,0.2,0.2,0.2
f,c,1.2,0.2,0.2,0.2,1.2,3.2,0.2,0.2,0.2,0.2,1.2,1.2,0.2,0.2,0.2,0.2,0.2,0.2,0.2,0.2,0.2,2.2,0.2,0.2,1.2,1.2
f,n,0.2,0.2,0.2,0.2,0.2,0.2,0.2,0.2,0.2,0.2,0.2,1.2,0.2,0.2,0.2,0.2,0.2,0.2,0.2,0.2,0.2,0.2,1.2,0.2,0.2,0.2
f,h,0.2,0.2,1.2,0.2,0.2,0.2,1.2,0.2,1.2,0.2,0.2,1.2,1.2,0.2,3.2,0.2,0.2,0.2,0.2,0.2,1.2,33.2,1.2,0.2,0.2,0.2
f,o,1.2,6.2,0.2,6.2,0.2,17.2,4.2,64.2,0.2,115.2,0.2,0.2,0.2,0.2,1.2,2.2,0.2,0.2,1.2,0.2,1.2,0.2,0.2,0.2,0.2,0.2
f,s,2.2,3.2,1.2,0.2,0.2,0.2,0.2,0.2,0.2,0.2,2.2,1.2,0.2,0.2,0.2,0.2,0.2,0.2,0.2,0.2,1.2,0.2,1.2,0.2,1.2,1.2
f,l,3.2,1.2,1.2,0.2,0.2,5.2,1.2,0.2,0.2,0.2,0.2,0.2,0.2,0.2,1.2,0.2,0.2,0.2,0.2,3.2,2.2,0.2,0.2,0.2,0.2,0.2
f,q,0.2,0.2,0.2,0.2,0.2,0.2,0.2,0.2,0.2,0.2,0.2,0.2,0.2,0.2,0.2,0.2,0.2,0.2,0.2,0.2,0.2,0.2,1.2,0.2,0.2,0.2
f,r,7.2,5.2,0.2,1.2,0.2,32.2,0.2,0.2,0.2,0.2,0.2,10.2,0.2,1.2,0.2,0.2,0.2,0.2,0.2,0.2,20.2,0.2,0.2,0.2,0.2,0.2
f,k,0.2,0.2,0.2,0.2,0.2,0.2,0.2,0.2,0.2,0.2,0.2,1.2,1.2,0.2,0.2,0.2,0.2,0.2,0.2,1.2,0.2,0.2,0.2,0.2,0.2,0.2
f,e,2.2,1.2,8.2,1.2,0.2,2.2,3.2,3.2,1.2,8.2,0.2,24.2,0.2,2.2,1.2,0.2,2.2,0.2,1.2,0.2,6.2,1.2,0.2,0.2,2.2,0.2
f,z,0.2,1.2,0.2,0.2,0.2,0.2,0.2,1.2,0.2,0.2,0.2,0.2,1.2,1.2,0.2,1.2,0.2,0.2,0.2,0.2,0.2,0.2,0.2,0.2,1.2,0.2
f,v,0.2,0.2,0.2,0.2,0.2,0.2,0.2,0.2,0.2,0.2,0.2,0.2,0.2,0.2,0.2,0.2,0.2,0.2,1.2,0.2,0.2,0.2,0.2,0.2,0.2,0.2
f,t,2.2,0.2,0.2,0.2,30.2,2.2,1.2,0.2,0.2,1.2,0.2,10.2,0.2,0.2,2.2,0.2,1.2,0.2,1.2,0.2,1.2,1.2,1.2,0.2,0.2,0.2
f,x,1.2,0.2,0.2,1.2,0.2,0.2,0.2,0.2,0.2,0.2,0.2,0.2,0.2,0.2,0.2,0.2,1.2,0.2,0.2,0.2,1.2,0.2,0.2,0.2,0.2,0.2
f,d,0.2,0.2,0.2,0.2,1.2,1.2,0.2,0.2,0.2,3.2,0.2,0.2,2.2,0.2,0.2,0.2,0.2,0.2,0.2,0.2,2.2,0.2,1.2,1.2,0.2,1.2
f,f,6.2,0.2,0.2,0.2,1.2,5.2,0.2,2.2,1.2,0.2,0.2,8.2,0.2,0.2,3.2,0.2,4.2,0.2,0.2,0.2,11.2,0.2,0.2,0.2,0.2,0.2
f,w,2.2,0.2,0.2,0.2,0.2,2.2,0.2,0.2,0.2,0.2,0.2,0.2,0.2,1.2,0.2,0.2,0.2,0.2,0.2,0.2,2.2,0.2,0.2,0.2,2.2,1.2
f,y,0.2,1.2,0.2,0.2,0.2,16.2,0.2,0.2,1.2,0.2,0.2,0.2,0.2,0.2,2.2,0.2,0.2,0.2,0.2,0.2,0.2,0.2,0.2,0.2,1.2,0.2
f,i,0.2,0.2,18.2,19.2,0.2,0.2,3.2,4.2,0.2,14.2,0.2,6.2,1.2,0.2,10.2,2.2,0.2,1.2,2.2,1.2,0.2,1.2,1.2,5.2,0.2,0.2
f,b,3.2,1.2,1.2,0.2,1.2,1.2,0.2,3.2,0.2,0.2,0.2,6.2,0.2,1.2,0.2,0.2,1.2,0.2,0.2,0.2,1.2,0.2,1.2,0.2,0.2,0.2
f,j,0.2,37.2,0.2,0.2,0.2,1.2,1.2,0.2,0.2,0.2,0.2,0.2,0.2,0.2,0.2,0.2,0.2,0.2,0.2,0.2,0.2,0.2,0.2,0.2,0.2,0.2
f,g,0.2,0.2,0.2,1.2,0.2,1.2,1.2,0.2,0.2,0.2,1.2,0.2,0.2,0.2,0.2,0.2,0.2,0.2,0.2,0.2,0.2,1.2,0.2,0.2,0.2,0.2
f,m,2.2,0.2,0.2,0.2,0.2,0.2,0.2,0.2,0.2,0.2,0.2,1.2,0.2,0.2,1.2,1.2,0.2,0.2,0.2,6.2,0.2,0.2,0.2,0.2,0.2,1.2
f,p,1.2,0.2,0.2,0.2,0.2,0.2,0.2,2.2,0.2,1.2,0.2,3.2,0.2,1.2,2.2,0.2,0.2,0.2,1.2,1.2,1.2,0.2,0.2,0.2,0.2,0.2
w,a,0.2,0.2,0.2,29.2,2.2,1.2,39.2,12.2,0.2,12.2,3.2,0.2,0.2,2.2,12.2,0.2,0.2,1.2,0.2,26.2,15.2,2.2,0.2,2.2,2.2,0.2
w,u,0.2,0.2,0.2,2.2,0.2,0.2,2.2,0.2,0.2,0.2,0.2,0.2,0.2,0.2,0.2,0.2,1.2,1.2,0.2,0.2,0.2,0.2,0.2,0.2,2.2,0.2
w,c,1.2,0.2,0.2,0.2,0.2,1.2,0.2,0.2,0.2,0.2,0.2,0.2,1.2,0.2,0.2,0.2,0.2,0.2,0.2,0.2,0.2,0.2,0.2,0.2,0.2,0.2
w,n,4.2,0.2,0.2,1.2,1.2,2.2,2.2,1.2,0.2,1.2,0.2,3.2,1.2,0.2,0.2,1.2,0.2,1.2,0.2,1.2,0.2,1.2,0.2,1.2,1.2,0.2
w,h,52.2,1.2,0.2,0.2,0.2,13.2,0.2,0.2,0.2,0.2,0.2,37.2,0.2,0.2,0.2,0.2,0.2,0.2,0.2,11.2,8.2,0.2,0.2,1.2,0.2,0.2
w,o,0.2,10.2,0.2,6.2,0.2,5.2,0.2,1.2,0.2,44.2,2.2,1.2,0.2,0.2,2.2,0.2,0.2,3.2,1.2,0.2,0.2,0.2,0.2,0.2,6.2,1.2
w,s,1.2,0.2,1.2,0.2,3.2,4.2,0.2,0.2,1.2,0.2,1.2,2.2,0.2,0.2,5.2,0.2,0.2,3.2,1.2,2.2,1.2,1.2,1.2,1.2,0.2,1.2
w,l,0.2,0.2,0.2,0.2,1.2,1.2,0.2,0.2,0.2,0.2,0.2,1.2,0.2,0.2,0.2,0.2,0.2,0.2,0.2,1.2,1.2,0.2,1.2,0.2,0.2,0.2
w,q,1.2,0.2,0.2,0.2,0.2,0.2,0.2,0.2,0.2,0.2,0.2,0.2,0.2,0.2,1.2,0.2,1.2,0.2,0.2,0.2,0.2,0.2,0.2,0.2,0.2,0.2
w,r,1.2,0.2,0.2,1.2,0.2,7.2,0.2,0.2,0.2,1.2,0.2,1.2,0.2,0.2,0.2,0.2,0.2,0.2,0.2,0.2,0.2,0.2,0.2,1.2,0.2,0.2
w,k,0.2,0.2,0.2,0.2,0.2,0.2,2.2,0.2,1.2,0.2,0.2,0.2,1.2,0.2,0.2,0.2,0.2,0.2,1.2,0.2,0.2,0.2,0.2,0.2,0.2,1.2
w,e,14.2,0.2,2.2,3.2,3.2,0.2,14.2,14.2,0.2,37.2,1.2,28.2,0.2,3.2,0.2,0.2,12.2,2.2,3.2,0.2,2.2,2.2,0.2,1.2,3.2,1.2
w,z,0.2,0.2,0.2,1.2,0.2,1.2,0.2,0.2,1.2,0.2,0.2,0.2,0.2,0.2,0.2,0.2,0.2,0.2,0.2,2.2,0.2,0.2,0.2,0.2,2.2,1.2
w,v,0.2,0.2,0.2,0.2,0.2,0.2,0.2,0.2,0.2,0.2,0.2,0.2,0.2,0.2,1.2,0.2,0.2,0.2,0.2,0.2,3.2,0.2,0.2,0.2,0.2,0.2
w,t,0.2,0.2,0.2,0.2,11.2,2.2,0.2,0.2,1.2,0.2,0.2,0.2,0.2,1.2,0.2,0.2,0.2,0.2,0.2,1.2,1.2,0.2,0.2,0.2,0.2,0.2
w,x,0.2,0.2,1.2,0.2,1.2,0.2,0.2,0.2,0.2,0.2,0.2,0.2,0.2,0.2,1.2,0.2,0.2,0.2,0.2,0.2,0.2,0.2,0.2,0.2,0.2,0.2
w,d,0.2,1.2,0.2,0.2,0.2,4.2,0.2,0.2,0.2,0.2,1.2,0.2,0.2,0.2,0.2,0.2,0.2,0.2,0.2,0.2,1.2,0.2,1.2,0.2,1.2,0.2
w,f,1.2,0.2,0.2,0.2,33.2,2.2,1.2,0.2,0.2,0.2,0.2,1.2,0.2,0.2,1.2,1.2,0.2,0.2,0.2,0.2,0.2,1.2,0.2,0.2,0.2,3.2
w,w,2.2,1.2,0.2,0.2,15.2,3.2,0.2,0.2,0.2,1.2,0.2,1.2,0.2,0.2,0.2,0.2,0.2,0.2,9.2,0.2,2.2,1.2,0.2,0.2,3.2,0.2
w,y,0.2,0.2,0.2,0.2,0.2,7.2,0.2,0.2,0.2,0.2,0.2,0.2,0.2,0.2,0.2,0.2,0.2,1.2,0.2,0.2,0.2,0.2,0.2,0.2,0.2,0.2
w,i,0.2,0.2,1.2,24.2,1.2,0.2,15.2,57.2,0.2,1.2,0.2,0.2,0.2,1.2,84.2,0.2,2.2,2.2,1.2,0.2,0.2,0.2,2.2,1.2,6.2,0.2
w,b,8.2,4.2,0.2,0.2,0.2,4.2,0.2,0.2,0.2,0.2,0.2,0.2,0.2,0.2,0.2,0.2,0.2,0.2,0.2,0.2,2.2,0.2,0.2,0.2,0.2,0.2
w,j,0.2,3.2,0.2,0.2,0.2,0.2,1.2,0.2,0.2,0.2,0.2,0.2,0.2,0.2,0.2,0.2,1.2,0.2,0.2,0.2,0.2,0.2,0.2,0.2,0.2,1.2
w,g,0.2,0.2,0.2,0.2,0.2,0.2,0.2,0.2,0.2,1.2,0.2,0.2,0.2,0.2,0.2,0.2,0.2,0.2,0.2,0.2,1.2,0.2,0.2,0.2,0.2,0.2
w,m,0.2,1.2,0.2,0.2,0.2,0.2,0.2,0.2,1.2,0.2,0.2,42.2,1.2,0.2,0.2,0.2,0.2,1.2,0.2,2.2,1.2,0.2,1.2,1.2,0.2,0.2
w,p,0.2,0.2,1.2,0.2,0.2,0.2,0.2,0.2,0.2,1.2,0.2,0.2,0.2,1.2,0.2,0.2,0.2,0.2,0.2,0.2,1.2,0.2,0.2,0.2,1.2,0.2
y,a,6.2,0.2,1.2,6.2,4.2,0.2,5.2,4.2,1.2,4.2,1.2,0.2,0.2,0.2,8.2,0.2,4.2,3.2,1.2,1.2,3.2,1.2,1.2,6.2,4.2,6.2
y,u,1.2,0.2,1.2,0.2,0.2,0.2,0.2,0.2,0.2,0.2,1.2,0.2,1.2,0.2,0.2,0.2,0.2,0.2,0.2,0.2,0.2,0.2,0.2,0.2,0.2,1.2
y,c,4.2,0.2,0.2,0.2,4.2,7.2,0.2,9.2,0.2,3.2,0.2,3.2,0.2,0.2,0.2,1.2,0.2,0.2,0.2,1.2,0.2,0.2,1.2,0.2,0.2,1.2
y,n,7.2,0.2,2.2,0.2,0.2,5.2,0.2,0.2,0.2,0.2,0.2,5.2,1.2,0.2,0.2,0.2,2.2,1.2,1.2,0.2,7.2,0.2,0.2,1.2,3.2,0.2
y,h,12.2,3.2,0.2,0.2,0.2,8.2,0.2,0.2,0.2,0.2,0.2,10.2,1.2,0.2,14.2,0.2,0.2,0.2,0.2,0.2,1.2,0.2,0.2,0.2,0.2,0.2
y,o,0.2,313.2,0.2,18.2,0.2,1.2,0.2,5.2,0.2,2.2,1.2,0.2,0.2,0.2,0.2,1.2,0.2,5.2,2.2,0.2,0.2,0.2,0.2,1.2,0.2,0.2
y,s,18.2,0.2,2.2,2.2,8.2,8.2,3.2,6.2,0.2,2.2,0.2,4.2,0.2,0.2,15.2,1.2,1.2,1.2,1.2,2.2,12.2,3.2,1.2,2.2,3.2,5.2
y,l,2.2,1.2,1.2,0.2,0.2,19.2,0.2,0.2,0.2,0.2,0.2,10.2,0.2,0.2,0.2,0.2,0.2,0.2,0.2,0.2,12.2,0.2,0.2,1.2,0.2,0.2
y,q,0.2,0.2,0.2,1.2,0.2,0.2,0.2,0.2,0.2,0.2,0.2,0.2,0.2,0.2,0.2,0.2,0.2,0.2,1.2,0.2,0.2,1.2,0.2,0.2,0.2,0.2
y,r,1.2,2.2,0.2,0.2,0.2,2.2,2.2,1.2,0.2,0.2,2.2,15.2,0.2,0.2,0.2,1.2,1.2,0.2,0.2,1.2,1.2,1.2,0.2,0.2,0.2,0.2
y,k,0.2,1.2,0.2,5.2,2.2,0.2,0.2,0.2,0.2,0.2,0.2,2.2,0.2,0.2,0.2,0.2,1.2,0.2,0.2,1.2,4.2,0.2,0.2,0.2,0.2,0.2
y,e,17.2,1.2,0.2,3.2,0.2,0.2,12.2,1.2,0.2,2.2,0.2,2.2,0.2,4.2,1.2,0.2,3.2,0.2,0.2,4.2,0.2,0.2,1.2,0.2,1.2,2.2
y,z,0.2,0.2,0.2,0.2,0.2,0.2,0.2,0.2,0.2,0.2,0.2,0.2,0.2,0.2,0.2,0.2,0.2,1.2,0.2,0.2,0.2,0.2,2.2,0.2,1.2,0.2
y,v,0.2,1.2,1.2,0.2,0.2,0.2,0.2,0.2,0.2,0.2,0.2,0.2,0.2,0.2,0.2,0.2,0.2,0.2,0.2,0.2,0.2,0.2,0.2,0.2,0.2,0.2
y,t,3.2,3.2,0.2,0.2,45.2,21.2,0.2,0.2,0.2,5.2,0.2,1.2,0.2,0.2,0.2,0.2,0.2,0.2,3.2,0.2,7.2,0.2,0.2,0.2,1.2,0.2
y,x,0.2,0.2,0.2,0.2,0.2,0.2,0.2,0.2,0.2,0.2,0.2,0.2,0.2,1.2,0.2,0.2,0.2,0.2,0.2,1.2,0.2,0.2,0.2,0.2,0.2,0.2
y,d,8.2,1.2,2.2,0.2,1.2,5.2,0.2,0.2,0.2,3.2,1.2,7.2,1.2,0.2,0.2,0.2,1.2,0.2,0.2,0.2,4.2,0.2,0.2,0.2,0.2,0.2
y,f,5.2,0.2,0.2,1.2,0.2,17.2,0.2,0.2,0.2,10.2,0.2,2.2,0.2,0.2,0.2,0.2,1.2,1.2,0.2,0.2,4.2,1.2,0.2,1.2,0.2,0.2
y,w,2.2,0.2,0.2,0.2,5.2,2.2,0.2,0.2,0.2,0.2,1.2,14.2,0.2,0.2,0.2,0.2,0.2,0.2,0.2,0.2,7.2,0.2,0.2,0.2,0.2,0.2
y,y,0.2,0.2,0.2,0.2,2.2,8.2,2.2,0.2,0.2,0.2,0.2,2.2,0.2,0.2,0.2,0.2,0.2,0.2,0.2,9.2,0.2,2.2,1.2,0.2,0.2,0.2
y,i,2.2,0.2,2.2,24.2,1.2,0.2,10.2,0.2,0.2,0.2,0.2,1.2,0.2,1.2,2.2,0.2,3.2,1.2,2.2,0.2,0.2,0.2,1.2,0.2,5.2,0.2
y,b,5.2,5.2,0.2,0.2,0.2,6.2,0.2,2.2,0.2,6.2,0.2,14.2,1.2,0.2,0.2,0.2,3.2,0.2,0.2,0.2,27.2,0.2,0.2,0.2,0.2,0.2
y,j,1.2,8.2,0.2,0.2,0.2,2.2,0.2,0.2,1.2,0.2,1.2,1.2,0.2,0.2,1.2,0.2,1.2,0.2,0.2,0.2,0.2,0.2,0.2,1.2,0.2,0.2
y,g,4.2,2.2,0.2,0.2,0.2,8.2,1.2,0.2,0.2,2.2,0.2,0.2,0.2,0.2,2.2,1.2,0.2,0.2,0.2,1.2,2.2,0.2,0.2,0.2,0.2,0.2
y,m,9.2,1.2,2.2,1.2,0.2,7.2,0.2,1.2,0.2,1.2,1.2,9.2,0.2,1.2,1.2,0.2,0.2,0.2,0.2,6.2,3.2,0.2,0.2,0.2,1.2,0.2
y,p,2.2,0.2,0.2,0.2,1.2,0.2,0.2,11.2,0.2,1.2,0.2,3.2,0.2,0.2,2.2,0.2,0.2,0.2,1.2,0.2,3.2,0.2,0.2,1.2,0.2,0.2
i,a,4.2,0.2,4.2,28.2,10.2,1.2,4.2,42.2,1.2,5.2,2.2,3.2,0.2,1.2,4.2,0.2,3.2,3.2,1.2,1.2,4.2,8.2,2.2,1.2,17.2,5.2
i,u,0.2,1.2,0.2,1.2,0.2,0.2,5.2,3.2,1.2,0.2,0.2,1.2,0.2,1.2,0.2,0.2,2.2,0.2,0.2,0.2,0.2,0.2,1.2,0.2,1.2,0.2
i,c,43.2,3.2,2.2,0.2,14.2,5.2,7.2,4.2,0.2,2.2,18.2,23.2,0.2,2.2,6.2,0.2,1.2,2.2,1.2,3.2,19.2,3.2,2.2,1.2,2.2,1.2
i,n,48.2,5.2,22.2,12.2,8.2,13.2,59.2,11.2,1.2,9.2,24.2,48.2,0.2,12.2,63.2,1.2,23.2,18.2,42.2,13.2,28.2,100.2,10.2,296.2,39.2,12.2
i,h,19.2,0.2,0.2,0.2,1.2,2.2,0.2,1.2,0.2,0.2,0.2,2.2,1.2,0.2,8.2,0.2,0.2,0.2,0.2,0.2,1.2,0.2,0.2,0.2,0.2,0.2
i,o,0.2,4.2,1.2,55.2,1.2,1.2,1.2,2.2,0.2,2.2,0.2,0.2,0.2,0.2,1.2,0.2,0.2,1.2,1.2,0.2,0.2,1.2,0.2,0.2,1.2,1.2
i,s,25.2,2.2,9.2,12.2,28.2,12.2,39.2,7.2,1.2,4.2,1.2,20.2,0.2,0.2,43.2,0.2,7.2,8.2,8.2,5.2,52.2,5.2,4.2,6.2,12.2,4.2
i,l,12.2,2.2,1.2,0.2,1.2,34.2,6.2,83.2,2.2,1.2,1.2,14.2,1.2,3.2,2.2,0.2,6.2,3.2,0.2,12.2,13.2,2.2,0.2,0.2,3.2,1.2
i,q,0.2,2.2,0.2,0.2,0.2,0.2,0.2,0.2,0.2,0.2,0.2,0.2,0.2,1.2,0.2,0.2,0.2,0.2,0.2,0.2,0.2,0.2,0.2,0.2,0.2,0.2
i,r,8.2,3.2,1.2,0.2,0.2,22.2,9.2,18.2,0.2,2.2,0.2,21.2,0.2,1.2,30.2,0.2,3.2,0.2,1.2,1.2,6.2,1.2,0.2,1.2,1.2,3.2
i,k,1.2,0.2,0.2,9.2,0.2,0.2,1.2,0.2,0.2,0.2,0.2,40.2,0.2,0.2,1.2,0.2,0.2,0.2,0.2,0.2,10.2,0.2,0.2,0.2,0.2,1.2
i,e,4.2,1.2,1.2,22.2,2.2,4.2,19.2,4.2,0.2,13.2,1.2,1.2,0.2,13.2,5.2,1.2,8.2,3.2,8.2,1.2,2.2,159.2,3.2,1.2,0.2,3.2
i,z,5.2,0.2,0.2,0.2,0.2,1.2,0.2,0.2,0.2,0.2,0.2,5.2,16.2,0.2,0.2,0.2,0.2,0.2,0.2,0.2,1.2,0.2,0.2,1.2,1.2,2.2
i,v,8.2,0.2,0.2,0.2,0.2,1.2,2.2,1.2,0.2,1.2,1.2,40.2,0.2,0.2,0.2,1.2,2.2,0.2,0.2,0.2,5.2,0.2,0.2,1.2,0.2,1.2
i,t,23.2,3.2,10.2,2.2,106.2,10.2,47.2,5.2,0.2,0.2,0.2,29.2,6.2,1.2,31.2,0.2,1.2,3.2,15.2,14.2,16.2,2.2,1.2,5.2,5.2,35.2
i,x,1.2,0.2,0.2,0.2,1.2,0.2,1.2,0.2,0.2,0.2,0.2,1.2,0.2,0.2,2.2,0.2,0.2,1.2,0.2,0.2,1.2,1.2,1.2,0.2,0.2,1.2
i,d,15.2,0.2,1.2,6.2,3.2,19.2,3.2,0.2,1.2,6.2,0.2,35.2,1.2,0.2,3.2,0.2,0.2,0.2,0.2,3.2,23.2,1.2,0.2,1.2,0.2,0.2
i,f,3.2,13.2,1.2,0.2,3.2,8.2,0.2,0.2,0.2,1.2,1.2,23.2,0.2,0.2,7.2,0.2,1.2,5.2,0.2,13.2,14.2,1.2,37.2,0.2,0.2,0.2
i,w,17.2,0.2,0.2,0.2,0.2,3.2,0.2,0.2,1.2,0.2,0.2,2.2,0.2,0.2,0.2,1.2,1.2,0.2,0.2,0.2,6.2,0.2,0.2,0.2,0.2,0.2
i,y,1.2,0.2,0.2,0.2,0.2,1.2,0.2,1.2,0.2,0.2,0.2,0.2,1.2,0.2,0.2,0.2,0.2,0.2,0.2,0.2,0.2,0.2,0.2,0.2,1.2,0.2
i,i,0.2,0.2,0.2,2.2,0.2,0.2,1.2,2.2,0.2,3.2,0.2,1.2,0.2,1.2,5.2,0.2,3.2,1.2,0.2,0.2,24.2,0.2,0.2,0.2,1.2,0.2
i,b,6.2,1.2,0.2,1.2,0.2,2.2,0.2,7.2,0.2,1.2,0.2,5.2,0.2,0.2,0.2,0.2,0.2,0.2,0.2,0.2,3.2,1.2,0.2,0.2,0.2,0.2
i,j,1.2,3.2,1.2,0.2,0.2,2.2,1.2,0.2,1.2,1.2,3.2,2.2,0.2,0.2,2.2,0.2,0.2,0.2,0.2,0.2,0.2,0.2,0.2,1.2,0.2,0.2
i,g,5.2,5.2,1.2,6.2,61.2,7.2,2.2,1.2,0.2,2.2,2.2,5.2,0.2,0.2,1.2,0.2,0.2,0.2,1.2,1.2,7.2,0.2,0.2,1.2,0.2,1.2
i,m,28.2,2.2,5.2,4.2,9.2,11.2,15.2,1.2,0.2,2.2,0.2,60.2,0.2,0.2,3.2,0.2,3.2,8.2,0.2,2.2,13.2,4.2,1.2,2.2,4.2,14.2
i,p,4.2,1.2,0.2,0.2,2.2,2.2,3.2,0.2,0.2,1.2,0.2,2.2,0.2,0.2,3.2,2.2,0.2,0.2,1.2,1.2,1.2,1.2,0.2,0.2,0.2,6.2
b,a,0.2,0.2,28.2,14.2,2.2,0.2,14.2,22.2,0.2,28.2,1.2,2.2,0.2,0.2,5.2,0.2,11.2,0.2,1.2,5.2,1.2,23.2,1.2,2.2,0.2,2.2
b,u,0.2,1.2,1.2,1.2,1.2,0.2,5.2,3.2,0.2,5.2,0.2,0.2,0.2,2.2,35.2,0.2,1.2,2.2,0.2,2.2,1.2,1.2,0.2,1.2,1.2,0.2
b,c,3.2,0.2,0.2,3.2,2.2,2.2,1.2,0.2,1.2,3.2,0.2,0.2,0.2,0.2,1.2,0.2,1.2,0.2,1.2,0.2,0.2,0.2,0.2,0.2,0.2,0.2
b,n,2.2,0.2,0.2,0.2,0.2,0.2,0.2,0.2,0.2,0.2,0.2,0.2,1.2,0.2,0.2,0.2,0.2,0.2,0.2,1.2,0.2,3.2,0.2,0.2,1.2,0.2
b,h,0.2,1.2,0.2,0.2,0.2,1.2,0.2,0.2,1.2,0.2,1.2,2.2,1.2,0.2,33.2,0.2,0.2,0.2,0.2,0.2,0.2,0.2,0.2,0.2,0.2,0.2
b,o,2.2,18.2,0.2,4.2,0.2,12.2,3.2,2.2,0.2,6.2,2.2,0.2,0.2,0.2,6.2,2.2,8.2,1.2,0.2,6.2,1.2,0.2,1.2,2.2,0.2,0.2
b,s,0.2,0.2,0.2,0.2,2.2,3.2,0.2,0.2,0.2,0.2,0.2,2.2,0.2,0.2,2.2,0.2,1.2,0.2,1.2,0.2,0.2,0.2,0.2,2.2,0.2,1.2
b,l,10.2,5.2,0.2,1.2,0.2,2.2,0.2,1.2,0.2,1.2,0.2,27.2,0.2,1.2,0.2,0.2,1.2,0.2,0.2,3.2,5.2,0.2,0.2,0.2,0.2,1.2
b,q,0.2,0.2,0.2,0.2,0.2,0.2,0.2,1.2,0.2,0.2,0.2,0.2,0.2,0.2,0.2,0.2,0.2,0.2,0.2,0.2,0.2,0.2,0.2,0.2,0.2,0.2
b,r,21.2,3.2,0.2,1.2,0.2,13.2,0.2,0.2,0.2,0.2,0.2,9.2,1.2,0.2,2.2,0.2,0.2,0.2,0.2,0.2,11.2,1.2,0.2,0.2,0.2,0.2
b,k,0.2,0.2,0.2,0.2,0.2,0.2,0.2,0.2,0.2,0.2,0.2,0.2,0.2,0.2,0.2,0.2,0.2,0.2,0.2,0.2,0.2,0.2,0.2,0.2,0.2,0.2
b,e,27.2,1.2,20.2,3.2,3.2,1.2,24.2,64.2,0.2,162.2,0.2,15.2,0.2,0.2,17.2,1.2,2.2,9.2,2.2,4.2,14.2,2.2,0.2,10.2,6.2,6.2
b,z,0.2,0.2,0.2,0.2,0.2,1.2,0.2,0.2,0.2,0.2,0.2,0.2,0.2,0.2,0.2,0.2,0.2,0.2,0.2,0.2,0.2,1.2,0.2,0.2,0.2,0.2
b,v,0.2,0.2,1.2,0.2,0.2,0.2,0.2,0.2,0.2,2.2,1.2,0.2,0.2,1.2,0.2,0.2,0.2,0.2,0.2,0.2,3.2,0.2,0.2,0.2,0.2,0.2
b,t,0.2,0.2,0.2,0.2,2.2,0.2,1.2,0.2,0.2,1.2,1.2,1.2,0.2,0.2,0.2,0.2,1.2,0.2,0.2,0.2,0.2,0.2,1.2,0.2,0.2,0.2
b,x,0.2,0.2,0.2,0.2,1.2,0.2,1.2,0.2,0.2,1.2,0.2,0.2,0.2,0.2,1.2,0.2,0.2,0.2,1.2,0.2,1.2,0.2,0.2,0.2,0.2,0.2
b,d,4.2,0.2,1.2,0.2,0.2,1.2,0.2,0.2,0.2,0.2,0.2,0.2,0.2,1.2,0.2,0.2,0.2,0.2,0.2,0.2,0.2,1.2,0.2,0.2,0.2,0.2
b,f,1.2,0.2,0.2,0.2,0.2,1.2,0.2,0.2,0.2,0.2,0.2,0.2,1.2,0.2,1.2,0.2,0.2,0.2,0.2,0.2,0.2,0.2,0.2,0.2,0.2,0.2
b,w,0.2,0.2,0.2,0.2,0.2,0.2,0.2,0.2,0.2,0.2,0.2,0.2,0.2,0.2,0.2,1.2,0.2,0.2,0.2,0.2,1.2,0.2,0.2,0.2,0.2,0.2
b,y,3.2,0.2,1.2,0.2,1.2,0.2,3.2,1.2,0.2,3.2,1.2,2.2,0.2,0.2,6.2,0.2,0.2,1.2,0.2,3.2,2.2,1.2,3.2,2.2,3.2,1.2
b,i,4.2,0.2,4.2,2.2,0.2,1.2,2.2,5.2,0.2,29.2,7.2,115.2,17.2,0.2,9.2,0.2,2.2,0.2,0.2,0.2,0.2,0.2,1.2,10.2,1.2,0.2
b,b,1.2,0.2,1.2,0.2,0.2,0.2,1.2,3.2,0.2,0.2,0.2,2.2,0.2,0.2,0.2,0.2,0.2,0.2,0.2,1.2,0.2,0.2,0.2,0.2,0.2,0.2
b,j,3.2,2.2,0.2,0.2,0.2,0.2,0.2,0.2,0.2,0.2,0.2,0.2,0.2,0.2,33.2,0.2,2.2,0.2,0.2,0.2,0.2,0.2,0.2,0.2,0.2,0.2
b,g,0.2,0.2,0.2,0.2,0.2,0.2,0.2,0.2,0.2,0.2,0.2,0.2,0.2,0.2,0.2,0.2,0.2,0.2,0.2,0.2,0.2,0.2,0.2,0.2,0.2,0.2
b,m,5.2,0.2,0.2,0.2,0.2,0.2,0.2,0.2,0.2,0.2,0.2,0.2,0.2,0.2,0.2,0.2,1.2,1.2,0.2,0.2,0.2,0.2,0.2,0.2,0.2,0.2
b,p,0.2,0.2,0.2,0.2,1.2,0.2,0.2,0.2,0.2,0.2,0.2,2.2,0.2,0.2,0.2,0.2,0.2,0.2,0.2,0.2,0.2,0.2,0.2,0.2,0.2,0.2
j,a,0.2,0.2,5.2,4.2,3.2,0.2,1.2,1.2,0.2,1.2,1.2,0.2,0.2,0.2,2.2,2.2,5.2,0.2,7.2,1.2,1.2,1.2,22.2,0.2,4.2,4.2
j,u,2.2,0.2,0.2,2.2,0.2,0.2,222.2,4.2,0.2,0.2,0.2,1.2,0.2,0.2,0.2,0.2,0.2,1.2,0.2,0.2,0.2,0.2,0.2,1.2,4.2,0.2
j,c,0.2,0.2,1.2,0.2,0.2,0.2,0.2,1.2,0.2,1.2,0.2,0.2,1.2,0.2,0.2,0.2,0.2,0.2,0.2,0.2,0.2,1.2,1.2,0.2,0.2,0.2
j,n,0.2,0.2,0.2,0.2,0.2,0.2,0.2,0.2,0.2,0.2,0.2,0.2,0.2,0.2,0.2,0.2,0.2,0.2,0.2,0.2,0.2,0.2,0.2,0.2,0.2,0.2
j,h,0.2,1.2,0.2,0.2,0.2,1.2,1.2,0.2,0.2,0.2,0.2,1.2,0.2,0.2,0.2,0.2,0.2,0.2,0.2,1.2,0.2,0.2,0.2,0.2,0.2,0.2
j,o,6.2,2.2,0.2,3.2,10.2,1.2,2.2,0.2,0.2,2.2,1.2,3.2,0.2,0.2,1.2,0.2,0.2,0.2,0.2,4.2,1.2,2.2,0.2,0.2,0.2,1.2
j,s,0.2,0.2,0.2,0.2,0.2,0.2,0.2,0.2,1.2,0.2,1.2,1.2,0.2,0.2,1.2,0.2,0.2,0.2,0.2,0.2,0.2,0.2,0.2,0.2,0.2,0.2
j,l,0.2,0.2,0.2,0.2,0.2,3.2,1.2,1.2,0.2,0.2,0.2,0.2,1.2,0.2,0.2,0.2,0.2,0.2,0.2,0.2,0.2,1.2,0.2,0.2,1.2,1.2
j,q,1.2,0.2,0.2,0.2,0.2,0.2,0.2,1.2,0.2,0.2,0.2,0.2,0.2,0.2,0.2,0.2,0.2,0.2,0.2,0.2,1.2,0.2,0.2,0.2,1.2,0.2
j,r,0.2,0.2,0.2,0.2,0.2,0.2,1.2,0.2,0.2,0.2,0.2,0.2,0.2,0.2,0.2,0.2,0.2,0.2,0.2,0.2,1.2,1.2,1.2,1.2,1.2,0.2
j,k,1.2,0.2,0.2,0.2,0.2,0.2,0.2,0.2,0.2,2.2,0.2,0.2,0.2,0.2,0.2,0.2,0.2,0.2,0.2,0.2,1.2,0.2,2.2,0.2,0.2,0.2
j,e,0.2,0.2,0.2,1.2,0.2,0.2,5.2,1.2,1.2,7.2,0.2,0.2,0.2,0.2,1.2,0.2,1.2,1.2,0.2,0.2,0.2,1.2,1.2,0.2,0.2,0.2
j,z,0.2,0.2,0.2,0.2,0.2,0.2,0.2,0.2,0.2,0.2,0.2,0.2,0.2,0.2,1.2,0.2,0.2,0.2,0.2,1.2,0.2,0.2,0.2,0.2,0.2,0.2
j,v,1.2,1.2,0.2,1.2,0.2,0.2,0.2,0.2,0.2,0.2,0.2,0.2,0.2,0.2,0.2,0.2,0.2,0.2,0.2,0.2,0.2,0.2,0.2,0.2,0.2,0.2
j,t,0.2,0.2,0.2,0.2,0.2,0.2,0.2,0.2,0.2,1.2,33.2,0.2,0.2,0.2,0.2,0.2,1.2,0.2,0.2,0.2,1.2,1.2,0.2,0.2,0.2,0.2
j,x,0.2,0.2,0.2,0.2,0.2,0.2,0.2,0.2,0.2,0.2,0.2,0.2,1.2,0.2,0.2,0.2,0.2,0.2,0.2,0.2,1.2,0.2,1.2,0.2,0.2,0.2
j,d,1.2,0.2,1.2,0.2,0.2,0.2,0.2,0.2,0.2,0.2,1.2,0.2,0.2,0.2,0.2,1.2,0.2,1.2,0.2,0.2,0.2,4.2,0.2,0.2,2.2,0.2
j,f,0.2,0.2,0.2,0.2,0.2,0.2,0.2,0.2,0.2,0.2,0.2,0.2,0.2,0.2,0.2,0.2,0.2,0.2,0.2,0.2,0.2,1.2,0.2,0.2,0.2,0.2
j,w,0.2,0.2,0.2,0.2,0.2,0.2,0.2,0.2,0.2,1.2,0.2,0.2,0.2,0.2,0.2,1.2,0.2,0.2,0.2,0.2,0.2,0.2,0.2,0.2,0.2,0.2
j,y,1.2,0.2,0.2,0.2,0.2,1.2,0.2,0.2,0.2,1.2,0.2,0.2,0.2,0.2,0.2,0.2,0.2,0.2,1.2,0.2,0.2,0.2,0.2,0.2,1.2,0.2
j,i,1.2,2.2,0.2,1.2,1.2,0.2,0.2,0.2,0.2,0.2,0.2,0.2,0.2,0.2,1.2,1.2,0.2,0.2,1.2,1.2,0.2,0.2,0.2,0.2,0.2,0.2
j,b,0.2,0.2,2.2,0.2,33.2,0.2,0.2,2.2,0.2,1.2,0.2,0.2,0.2,0.2,2.2,0.2,0.2,0.2,0.2,0.2,2.2,1.2,3.2,0.2,1.2,0.2
j,j,0.2,0.2,0.2,0.2,0.2,1.2,0.2,0.2,0.2,0.2,0.2,0.2,0.2,0.2,0.2,0.2,0.2,0.2,0.2,0.2,0.2,0.2,0.2,0.2,0.2,0.2
j,g,0.2,0.2,0.2,1.2,0.2,0.2,0.2,0.2,0.2,1.2,0.2,0.2,1.2,0.2,0.2,0.2,0.2,0.2,0.2,0.2,2.2,0.2,0.2,0.2,0.2,0.2
j,m,0.2,0.2,0.2,0.2,0.2,0.2,0.2,0.2,0.2,0.2,0.2,0.2,0.2,0.2,0.2,0.2,0.2,0.2,0.2,0.2,0.2,0.2,0.2,0.2,0.2,1.2
j,p,0.2,0.2,0.2,0.2,0.2,0.2,1.2,0.2,0.2,0.2,0.2,0.2,0.2,0.2,1.2,0.2,0.2,1.2,0.2,0.2,0.2,1.2,0.2,0.2,0.2,0.2
g,a,1.2,0.2,1.2,15.2,6.2,0.2,8.2,7.2,0.2,8.2,1.2,0.2,2.2,1.2,4.2,0.2,0.2,1.2,0.2,1.2,22.2,3.2,0.2,4.2,9.2,0.2
g,u,4.2,1.2,0.2,6.2,0.2,1.2,3.2,0.2,0.2,1.2,0.2,14.2,0.2,0.2,0.2,0.2,0.2,0.2,0.2,10.2,1.2,0.2,0.2,0.2,0.2,1.2
g,c,2.2,2.2,0.2,0.2,1.2,1.2,0.2,0.2,0.2,1.2,0.2,1.2,0.2,0.2,0.2,0.2,0.2,0.2,0.2,0.2,0.2,0.2,0.2,0.2,0.2,0.2
g,n,1.2,0.2,1.2,0.2,0.2,5.2,1.2,0.2,0.2,0.2,0.2,3.2,0.2,0.2,0.2,1.2,0.2,0.2,0.2,0.2,1.2,0.2,0.2,0.2,0.2,0.2
g,h,2.2,3.2,2.2,2.2,0.2,2.2,1.2,0.2,0.2,0.2,0.2,5.2,0.2,0.2,72.2,0.2,1.2,0.2,1.2,0.2,3.2,1.2,0.2,0.2,3.2,2.2
g,o,7.2,1.2,0.2,19.2,2.2,47.2,2.2,6.2,0.2,2.2,1.2,1.2,0.2,5.2,21.2,0.2,14.2,2.2,0.2,0.2,6.2,1.2,0.2,5.2,6.2,6.2
g,s,5.2,0.2,2.2,1.2,1.2,8.2,0.2,1.2,0.2,2.2,1.2,2.2,1.2,0.2,5.2,0.2,0.2,0.2,2.2,0.2,4.2,0.2,0.2,0.2,2.2,1.2
g,l,6.2,0.2,0.2,0.2,1.2,10.2,0.2,0.2,1.2,0.2,0.2,8.2,0.2,0.2,2.2,0.2,0.2,0.2,0.2,2.2,10.2,0.2,0.2,1.2,0.2,0.2
g,q,0.2,0.2,0.2,0.2,0.2,0.2,0.2,0.2,1.2,0.2,1.2,0.2,0.2,0.2,0.2,0.2,0.2,1.2,0.2,0.2,0.2,0.2,0.2,1.2,0.2,0.2
g,r,19.2,1.2,0.2,0.2,1.2,7.2,0.2,0.2,0.2,0.2,1.2,30.2,0.2,0.2,0.2,0.2,1.2,0.2,0.2,3.2,10.2,0.2,0.2,1.2,0.2,0.2
g,k,2.2,1.2,0.2,0.2,0.2,1.2,0.2,0.2,0.2,1.2,1.2,0.2,0.2,0.2,0.2,0.2,0.2,0.2,1.2,0.2,1.2,0.2,0.2,0.2,15.2,0.2
g,e,2.2,1.2,0.2,9.2,3.2,3.2,8.2,3.2,0.2,12.2,1.2,1.2,1.2,3.2,32.2,0.2,2.2,0.2,0.2,0.2,2.2,2.2,0.2,0.2,2.2,1.2
g,z,0.2,0.2,0.2,0.2,0.2,0.2,0.2,1.2,0.2,0.2,0.2,0.2,0.2,0.2,0.2,0.2,0.2,0.2,0.2,0.2,1.2,0.2,0.2,1.2,0.2,0.2
g,v,0.2,0.2,0.2,0.2,0.2,0.2,0.2,0.2,0.2,0.2,0.2,2.2,0.2,0.2,0.2,0.2,0.2,1.2,0.2,0.2,0.2,1.2,0.2,0.2,0.2,0.2
g,t,0.2,0.2,0.2,0.2,14.2,17.2,0.2,0.2,0.2,2.2,0.2,3.2,1.2,1.2,1.2,0.2,0.2,0.2,0.2,1.2,7.2,1.2,0.2,24.2,0.2,0.2
g,x,0.2,0.2,0.2,0.2,0.2,0.2,0.2,0.2,0.2,0.2,0.2,0.2,0.2,0.2,0.2,1.2,0.2,0.2,0.2,0.2,0.2,0.2,0.2,0.2,1.2,0.2
g,d,0.2,0.2,0.2,0.2,1.2,5.2,0.2,0.2,0.2,0.2,0.2,1.2,0.2,0.2,0.2,0.2,0.2,0.2,1.2,0.2,2.2,0.2,1.2,1.2,1.2,0.2
g,f,0.2,0.2,0.2,0.2,0.2,18.2,0.2,0.2,0.2,7.2,0.2,0.2,0.2,0.2,0.2,0.2,0.2,0.2,0.2,0.2,0.2,0.2,0.2,0.2,0.2,0.2
g,w,1.2,0.2,0.2,0.2,3.2,5.2,1.2,0.2,0.2,0.2,0.2,1.2,0.2,0.2,0.2,0.2,0.2,1.2,0.2,0.2,7.2,0.2,0.2,0.2,0.2,0.2
g,y,2.2,0.2,0.2,0.2,0.2,13.2,0.2,0.2,0.2,0.2,0.2,2.2,0.2,0.2,1.2,0.2,0.2,1.2,0.2,0.2,0.2,0.2,0.2,0.2,3.2,1.2
g,i,2.2,1.2,4.2,24.2,0.2,2.2,5.2,3.2,0.2,34.2,2.2,1.2,0.2,12.2,3.2,0.2,1.2,4.2,3.2,0.2,2.2,0.2,0.2,0.2,3.2,1.2
g,b,3.2,3.2,0.2,0.2,0.2,2.2,0.2,1.2,0.2,2.2,0.2,2.2,0.2,0.2,0.2,0.2,0.2,0.2,0.2,4.2,3.2,0.2,1.2,0.2,0.2,0.2
g,j,0.2,1.2,0.2,0.2,0.2,2.2,0.2,0.2,1.2,0.2,0.2,0.2,0.2,1.2,0.2,0.2,1.2,0.2,1.2,1.2,0.2,1.2,0.2,0.2,0.2,0.2
g,g,1.2,2.2,0.2,0.2,0.2,1.2,0.2,0.2,0.2,2.2,0.2,2.2,0.2,0.2,0.2,0.2,0.2,0.2,0.2,0.2,1.2,0.2,0.2,1.2,0.2,0.2
g,m,2.2,0.2,1.2,0.2,0.2,3.2,0.2,0.2,0.2,1.2,0.2,3.2,0.2,0.2,0.2,0.2,0.2,0.2,1.2,2.2,1.2,1.2,0.2,0.2,0.2,0.2
g,p,2.2,0.2,0.2,0.2,0.2,0.2,0.2,0.2,0.2,3.2,1.2,3.2,0.2,0.2,0.2,0.2,0.2,0.2,0.2,0.2,1.2,0.2,0.2,0.2,1.2,0.2
m,a,3.2,0.2,14.2,29.2,6.2,2.2,14.2,11.2,0.2,46.2,18.2,0.2,8.2,1.2,25.2,0.2,23.2,0.2,1.2,4.2,32.2,4.2,2.2,12.2,5.2,3.2
m,u,1.2,0.2,18.2,6.2,0.2,0.2,12.2,0.2,0.2,1.2,0.2,0.2,0.2,0.2,2.2,0.2,0.2,0.2,0.2,0.2,0.2,1.2,2.2,0.2,2.2,0.2
m,c,5.2,0.2,1.2,1.2,1.2,3.2,0.2,1.2,0.2,0.2,0.2,1.2,0.2,0.2,0.2,0.2,2.2,0.2,0.2,0.2,1.2,1.2,0.2,2.2,0.2,0.2
m,n,1.2,0.2,0.2,0.2,0.2,2.2,1.2,0.2,0.2,0.2,1.2,4.2,2.2,1.2,0.2,0.2,0.2,0.2,1.2,0.2,0.2,1.2,0.2,0.2,0.2,1.2
m,h,6.2,0.2,0.2,0.2,0.2,3.2,0.2,0.2,0.2,1.2,0.2,6.2,0.2,0.2,4.2,1.2,0.2,0.2,0.2,0.2,1.2,0.2,0.2,0.2,0.2,0.2
m,o,0.2,15.2,4.2,45.2,4.2,9.2,8.2,6.2,0.2,46.2,0.2,1.2,0.2,6.2,7.2,0.2,1.2,2.2,0.2,0.2,2.2,3.2,1.2,0.2,8.2,0.2
m,s,2.2,2.2,1.2,1.2,1.2,6.2,2.2,1.2,0.2,0.2,0.2,3.2,0.2,0.2,6.2,0.2,1.2,2.2,3.2,2.2,0.2,1.2,0.2,0.2,1.2,9.2
m,l,2.2,2.2,0.2,0.2,0.2,4.2,0.2,0.2,0.2,0.2,0.2,0.2,0.2,0.2,1.2,0.2,0.2,0.2,0.2,0.2,3.2,0.2,0.2,0.2,0.2,0.2
m,q,0.2,0.2,0.2,0.2,0.2,0.2,0.2,0.2,0.2,0.2,0.2,1.2,0.2,0.2,0.2,0.2,0.2,0.2,0.2,0.2,0.2,0.2,0.2,0.2,0.2,0.2
m,r,1.2,0.2,1.2,0.2,0.2,1.2,2.2,0.2,0.2,0.2,0.2,4.2,0.2,0.2,1.2,0.2,0.2,0.2,0.2,0.2,1.2,0.2,0.2,0.2,0.2,1.2
m,k,0.2,0.2,2.2,0.2,0.2,0.2,0.2,0.2,0.2,0.2,1.2,1.2,1.2,0.2,0.2,0.2,1.2,0.2,1.2,0.2,0.2,0.2,0.2,0.2,0.2,0.2
m,e,30.2,2.2,3.2,27.2,13.2,20.2,34.2,15.2,0.2,21.2,2.2,43.2,5.2,1.2,47.2,3.2,10.2,9.2,7.2,4.2,21.2,16.2,5.2,5.2,8.2,24.2
m,z,0.2,0.2,0.2,0.2,0.2,0.2,0.2,0.2,0.2,0.2,0.2,0.2,0.2,0.2,1.2,1.2,0.2,0.2,0.2,0.2,0.2,0.2,0.2,0.2,0.2,0.2
m,v,0.2,0.2,0.2,0.2,2.2,1.2,2.2,0.2,1.2,0.2,0.2,4.2,0.2,0.2,0.2,0.2,0.2,0.2,0.2,0.2,3.2,0.2,0.2,0.2,0.2,0.2
m,t,1.2,0.2,1.2,1.2,3.2,5.2,1.2,0.2,0.2,2.2,0.2,0.2,0.2,1.2,0.2,0.2,0.2,0.2,1.2,0.2,0.2,3.2,0.2,0.2,1.2,0.2
m,x,1.2,2.2,1.2,1.2,0.2,0.2,0.2,0.2,0.2,0.2,0.2,1.2,0.2,0.2,1.2,0.2,0.2,1.2,0.2,0.2,0.2,0.2,0.2,0.2,1.2,0.2
m,d,0.2,1.2,0.2,0.2,0.2,3.2,0.2,0.2,0.2,2.2,0.2,3.2,0.2,0.2,0.2,0.2,0.2,0.2,1.2,0.2,1.2,0.2,1.2,1.2,0.2,0.2
m,f,3.2,0.2,1.2,1.2,0.2,5.2,1.2,0.2,0.2,2.2,0.2,3.2,0.2,0.2,0.2,0.2,0.2,0.2,0.2,0.2,0.2,0.2,0.2,0.2,0.2,0.2
m,w,3.2,0.2,0.2,0.2,2.2,1.2,0.2,1.2,0.2,0.2,0.2,0.2,0.2,0.2,0.2,0.2,0.2,0.2,0.2,0.2,19.2,0.2,0.2,0.2,0.2,0.2
m,y,2.2,0.2,4.2,1.2,7.2,8.2,7.2,13.2,1.2,4.2,2.2,8.2,0.2,0.2,9.2,0.2,5.2,9.2,2.2,0.2,0.2,24.2,1.2,1.2,5.2,0.2
m,i,0.2,0.2,11.2,32.2,0.2,1.2,21.2,26.2,0.2,5.2,2.2,0.2,1.2,0.2,9.2,0.2,0.2,4.2,1.2,0.2,0.2,1.2,0.2,3.2,4.2,0.2
m,b,4.2,1.2,0.2,0.2,0.2,1.2,0.2,5.2,0.2,2.2,0.2,8.2,0.2,0.2,0.2,0.2,0.2,1.2,0.2,1.2,4.2,0.2,0.2,0.2,0.2,0.2
m,j,0.2,1.2,0.2,0.2,0.2,0.2,0.2,1.2,0.2,1.2,0.2,0.2,0.2,0.2,0.2,0.2,0.2,0.2,0.2,0.2,0.2,0.2,0.2,0.2,0.2,0.2
m,g,0.2,0.2,0.2,0.2,2.2,2.2,3.2,0.2,0.2,0.2,0.2,2.2,0.2,0.2,0.2,0.2,0.2,0.2,0.2,0.2,3.2,0.2,0.2,0.2,1.2,2.2
m,m,7.2,3.2,0.2,0.2,1.2,3.2,0.2,0.2,0.2,0.2,0.2,4.2,0.2,1.2,0.2,0.2,0.2,0.2,0.2,2.2,3.2,0.2,0.2,0.2,0.2,0.2
m,p,8.2,2.2,0.2,1.2,1.2,11.2,4.2,15.2,0.2,3.2,2.2,2.2,0.2,2.2,6.2,1.2,1.2,0.2,0.2,1.2,11.2,1.2,0.2,1.2,3.2,2.2
p,a,1.2,2.2,4.2,10.2,2.2,1.2,9.2,8.2,0.2,31.2,0.2,0.2,0.2,0.2,7.2,1.2,1.2,0.2,1.2,4.2,38.2,3.2,0.2,1.2,2.2,4.2
p,u,0.2,0.2,2.2,3.2,0.2,0.2,6.2,6.2,1.2,1.2,0.2,2.2,0.2,0.2,6.2,1.2,1.2,1.2,0.2,0.2,3.2,2.2,0.2,1.2,0.2,0.2
p,c,1.2,0.2,0.2,0.2,2.2,0.2,0.2,0.2,0.2,0.2,0.2,0.2,0.2,0.2,1.2,0.2,0.2,0.2,1.2,1.2,0.2,0.2,0.2,0.2,0.2,0.2
p,n,0.2,0.2,0.2,0.2,0.2,0.2,0.2,0.2,0.2,0.2,0.2,2.2,0.2,0.2,0.2,0.2,0.2,0.2,0.2,0.2,0.2,0.2,0.2,0.2,0.2,1.2
p,h,2.2,0.2,0.2,0.2,0.2,22.2,0.2,0.2,0.2,0.2,0.2,2.2,0.2,0.2,3.2,0.2,0.2,0.2,0.2,2.2,5.2,1.2,1.2,0.2,0.2,0.2
p,o,0.2,4.2,0.2,4.2,0.2,5.2,20.2,3.2,0.2,25.2,0.2,0.2,0.2,0.2,5.2,0.2,0.2,3.2,2.2,0.2,3.2,0.2,0.2,0.2,0.2,2.2
p,s,2.2,2.2,2.2,2.2,1.2,6.2,0.2,1.2,0.2,1.2,0.2,1.2,1.2,1.2,57.2,0.2,0.2,1.2,2.2,3.2,3.2,0.2,2.2,0.2,2.2,0.2
p,l,34.2,1.2,0.2,1.2,0.2,2.2,3.2,1.2,0.2,0.2,0.2,108.2,6.2,0.2,0.2,0.2,0.2,0.2,0.2,6.2,2.2,0.2,0.2,0.2,0.2,0.2
p,q,0.2,0.2,0.2,0.2,0.2,0.2,0.2,0.2,0.2,1.2,0.2,1.2,0.2,0.2,0.2,1.2,0.2,0.2,1.2,0.2,1.2,0.2,0.2,0.2,0.2,0.2
p,r,5.2,1.2,0.2,1.2,0.2,15.2,0.2,0.2,0.2,0.2,1.2,20.2,5.2,1.2,0.2,0.2,0.2,0.2,0.2,0.2,38.2,0.2,1.2,0.2,0.2,1.2
p,k,0.2,0.2,0.2,0.2,1.2,0.2,0.2,0.2,0.2,0.2,0.2,2.2,0.2,0.2,0.2,0.2,0.2,0.2,1.2,0.2,0.2,0.2,0.2,0.2,0.2,1.2
p,e,12.2,0.2,9.2,12.2,3.2,16.2,1.2,4.2,0.2,23.2,0.2,4.2,0.2,2.2,7.2,0.2,3.2,2.2,0.2,1.2,2.2,1.2,0.2,0.2,0.2,3.2
p,z,0.2,0.2,0.2,0.2,0.2,0.2,0.2,1.2,0.2,0.2,0.2,0.2,0.2,0.2,0.2,0.2,0.2,0.2,0.2,0.2,0.2,0.2,0.2,0.2,0.2,0.2
p,v,0.2,0.2,0.2,0.2,0.2,1.2,1.2,0.2,0.2,0.2,1.2,1.2,0.2,0.2,1.2,0.2,0.2,0.2,0.2,0.2,2.2,0.2,0.2,0.2,0.2,0.2
p,t,3.2,0.2,290.2,0.2,6.2,3.2,2.2,0.2,0.2,0.2,0.2,2.2,1.2,0.2,1.2,0.2,3.2,1.2,1.2,1.2,5.2,0.2,0.2,0.2,0.2,1.2
p,x,0.2,0.2,1.2,0.2,0.2,0.2,1.2,0.2,0.2,0.2,0.2,0.2,0.2,0.2,1.2,2.2,0.2,0.2,0.2,0.2,0.2,0.2,0.2,0.2,1.2,0.2
p,d,2.2,0.2,0.2,0.2,0.2,2.2,0.2,0.2,0.2,5.2,0.2,3.2,0.2,0.2,1.2,0.2,0.2,0.2,1.2,0.2,0.2,1.2,0.2,1.2,0.2,0.2
p,f,0.2,0.2,0.2,0.2,0.2,0.2,0.2,0.2,0.2,0.2,0.2,0.2,0.2,0.2,0.2,1.2,0.2,0.2,0.2,0.2,0.2,1.2,0.2,0.2,0.2,0.2
p,w,1.2,0.2,0.2,0.2,1.2,0.2,0.2,0.2,1.2,0.2,0.2,0.2,1.2,0.2,0.2,0.2,0.2,0.2,0.2,1.2,1.2,1.2,0.2,0.2,0.2,0.2
p,y,1.2,0.2,2.2,0.2,2.2,2.2,4.2,2.2,0.2,4.2,1.2,0.2,1.2,0.2,2.2,0.2,0.2,4.2,3.2,2.2,0.2,13.2,0.2,1.2,2.2,1.2
p,i,1.2,0.2,8.2,21.2,0.2,6.2,6.2,1.2,0.2,7.2,1.2,5.2,0.2,0.2,9.2,2.2,1.2,0.2,1.2,0.2,0.2,0.2,1.2,1.2,0.2,1.2
p,b,2.2,2.2,0.2,0.2,0.2,1.2,0.2,2.2,0.2,0.2,0.2,1.2,0.2,0.2,0.2,0.2,0.2,0.2,0.2,0.2,0.2,0.2,0.2,0.2,0.2,0.2
p,j,0.2,1.2,0.2,0.2,0.2,0.2,0.2,0.2,0.2,0.2,0.2,0.2,0.2,0.2,0.2,0.2,0.2,0.2,0.2,0.2,0.2,0.2,0.2,0.2,0.2,0.2
p,g,0.2,1.2,0.2,0.2,1.2,1.2,0.2,1.2,0.2,1.2,0.2,0.2,0.2,0.2,0.2,0.2,0.2,0.2,0.2,0.2,1.2,0.2,1.2,0.2,0.2,0.2
p,m,5.2,2.2,0.2,1.2,0.2,1.2,0.2,1.2,1.2,0.2,0.2,10.2,0.2,0.2,0.2,1.2,0.2,0.2,0.2,0.2,2.2,0.2,0.2,0.2,2.2,1.2
p,p,3.2,2.2,0.2,0.2,1.2,5.2,2.2,4.2,1.2,1.2,0.2,7.2,0.2,0.2,0.2,0.2,0.2,0.2,0.2,33.2,9.2,0.2,0.2,0.2,2.2,2.2
